1.577319860458374,0.999771151608891,6204.491847088232,1,0.8510242676359362,False,False
15.928721189498901,0.9995618496338526,6149.367335111698,0,1,True,True
16.50860023498535,0.9955753516488605,6168.777285615475,0.2409870855041791,0.5969234660014008,False,False
17.34481716156006,0.9954142706924015,6205.483901944591,0.4936841819758459,0.4137227491461202,False,False
17.995351552963257,0.9951819887426164,6196.962464215769,0.4030804912272972,0.41183990998933717,False,False
19.129420518875122,0.9950012854072783,6152.871328385254,0.049942164471162856,0.22267447571145949,False,False
19.65413737297058,0.9946862659189436,6203.957569705311,0.6711402834055038,0.6473377535213811,False,False
20.341814279556274,0.9945405112372504,6215.6702929020985,0.5742132836189727,0.3786049103630299,False,False
20.884490966796875,0.9943494901392195,6190.406550317721,0.4442566601027016,0.6171693714593871,False,False
21.764565229415894,0.9941987467474408,6150.460470818769,0.037058512245708136,0.6355197292033481,False,False
22.61310648918152,0.9939542813433542,6226.324132973471,0.5259312804208874,0.0563579628858788,False,False
23.35753297805786,0.9937185752391815,6161.187907471702,0.176369939402032,0.599502722986879,False,False
25.138254404067993,0.993511790699429,6147.946774340435,0.01648187867557319,0.6845528252971678,True,True
25.6914005279541,0.9930171475807825,6186.526019147464,0.3048349757150056,0.35207354004537267,False,False
26.327072620391846,0.9928634940253364,6159.191132449804,0.676944129490835,1,False,False
27.147382497787476,0.9926869171857834,6149.379506680537,0.03935155920311699,1,False,False
38.01789474487305,0.9924590541919073,6220.580695940935,0.4614496627438867,0,False,False
38.84034180641174,0.9894394677215153,6154.492203521227,0.4281893267312316,1,False,False
45.60623621940613,0.9892110100719664,6148.566625774773,0,0.5901546574687915,False,True
46.073891401290894,0.9873315970102946,6163.5515477518,0.6846227048999488,1,False,False
46.568037033081055,0.9872016906738281,6150.90435503923,0.1800573510183452,1,False,False
62.76826477050781,0.9870644277334213,6241.82037832689,0.6680060460033328,0,False,False
63.49456787109375,0.9825643648703893,6150.890159068301,0.32473186063203335,1,False,False
64.23658514022827,0.9823626140091154,6227.787968879957,0.5480977739070942,0.14401108266539475,False,False
65.07886743545532,0.9821564986308415,6147.54726361621,0.14110975402674722,1,True,True
65.71476554870605,0.9819225332472059,6218.431554754742,0.6958491691822872,0.5094171423095742,False,False
66.51854968070984,0.981745892630683,6231.261579701352,0.7701296610390174,0.3931510081540933,False,False
77.95449090003967,0.9815226189295451,6149.550279252918,0,0.13334481209009053,False,True
78.71856451034546,0.9783459704452091,6196.416698933105,0.33600455440520743,0.24657495168354698,False,False
94.11196422576904,0.9781337256564034,6253.628099964628,0.845312731763023,0,False,False
95.07820343971252,0.9738577808274164,6194.40721200268,0.26444010598007406,0.05992415922256247,False,False
96.01593947410583,0.9735893817080392,6165.338459206576,0.2619247314448742,0.7267822234904058,False,False
96.98567080497742,0.9733289000723097,6151.100366966524,0.05238874418288342,0.4617888603161054,False,False
106.70559334754944,0.9730595300594965,6259.097271416083,0.9405607396298515,0,False,False
107.77449893951416,0.9703595515092214,6151.627422845997,0.027486917126911287,0.05612586127822669,False,False
108.37744903564453,0.9700626329580943,6196.829009672519,0.9685099818068879,0.8836244356983023,False,False
120.72484517097473,0.9698951462242338,6210.921762337583,0.379290673437825,0,False,False
121.85622763633728,0.9664653150240581,6239.665265205296,0.7799037475550382,0.22909312945277321,False,False
136.4734492301941,0.9661510419845581,6163.877911308929,0.08804168262497833,0,False,False
146.63747119903564,0.9620907026529312,6165.237043407761,0.10622687595674224,0,False,False
147.65721368789673,0.9592673635482788,6194.336137304727,0.4684342463768788,0.5534730523241871,False,False
160.62361359596252,0.9589841014146805,6220.629618631079,0.4542394426251791,0,False,False
161.18511629104614,0.9553823241260316,6230.631785079831,0.7315885380262899,0.32601597507474833,False,False
161.87467122077942,0.9552263502279917,6192.747209390528,0.5389344908775184,0.6649219212001122,False,False
169.14515852928162,0.9550348075230917,6150.698771215529,0.02507241723083249,0,False,False
181.00475788116455,0.9530152278476292,6250.25219607488,0.7893816456011145,0,False,False
181.8377788066864,0.9497208949592378,6194.176535863888,0.5972359479106453,0.7002824288544569,False,False
194.15078687667847,0.9494895001252492,6220.395178023682,0.4431242484260072,0,False,False
203.68969058990479,0.9460692203707165,6212.111426377905,0.3460073641808229,0,False,False
204.19481253623962,0.9434195246961382,6186.798265038811,0.38832105478166434,0.5576990819854244,False,False
204.871239900589,0.9432792127794689,6188.363250945958,0.22875858513161967,0.05623176629887018,False,False
205.36435079574585,0.9430913162231446,6189.740261474673,0.3344792939838943,0.4069380844892395,False,False
215.2447338104248,0.9429543410407172,6244.801282297709,0.6994452368288364,0,False,False
227.32193207740784,0.9402097904019886,6248.4179642399295,0.7470806972333689,0,False,False
228.2151038646698,0.936855013039377,6178.539635255705,0.31827968523385597,0.540930702201333,False,False
229.03044891357422,0.9366068910227882,6178.47221647021,0.8873137058972058,0.9506564284505848,False,False
229.88078379631042,0.9363804247644213,6216.650805648856,0.8712998176099872,0.6877441195447836,False,False
230.65921187400818,0.9361442201667362,6185.6005957038415,0.3781799826995407,0.562266636064574,False,False
231.45279812812805,0.9359279901451535,6174.409178024608,0.4108585870523724,0.7228795301723007,False,False
232.18788981437683,0.9357075500488281,6249.153646541435,0.9062132801292104,0.18238947281904538,False,False
233.12946963310242,0.9355033578475316,6165.96346915302,0.21388041769286367,0.5933111285296342,False,False
249.17827677726746,0.9352418083614773,6225.141713092614,0.48187190628934135,0,False,False
250.10827565193176,0.9307838059796227,6157.1265549867185,0.2068227473838444,0.7728949960563521,False,False
251.32442498207092,0.9305254733562469,6204.096757825621,0.33231595694137844,0.015582396152842085,False,False
253.66748642921448,0.9301876538991928,6165.35875278682,0.7781955555657672,0.9891906214658631,False,False
265.6151065826416,0.9295368032322989,6242.649477198465,0.6801747889321764,0,False,False
266.4352169036865,0.9262180195914375,6160.339632369022,0.12109274027129416,0.3556687397358107,False,False
267.21638894081116,0.9259902117649714,6182.929642256737,0.2624100458290359,0.2813110475028183,False,False
275.28662180900574,0.9257732192012998,6230.603980875307,0.5472094439438745,0,False,False
276.0338604450226,0.9235314885775248,6186.548486462858,0.24546748591524312,0.16277355772298135,False,False
276.92481303215027,0.9233239157332315,6154.278147143659,0.0848393589279384,0.5445844153661081,False,False
277.9378294944763,0.923076434665256,6151.692504582662,0.0623501538318854,0.4590844347446991,False,False
298.9067814350128,0.9227950412697262,6157.9937544576815,0.06816494082097946,0,False,False
319.2792317867279,0.9169703323973549,6206.187445555,0.32190369350275877,0,False,False
320.03457617759705,0.9113113175498114,6243.242537233865,0.910720732052941,0.34620419187620755,False,False
321.95012736320496,0.9111014737023247,6239.029415704585,0.6469537025337285,0.0202122362485318,False,False
322.6985447406769,0.9105694025092654,6153.190529174726,0.13122956906636374,0.8011664550003385,False,False
323.37114453315735,0.9103615088595285,6169.155129599645,0.5771141932793334,0.9131986960794984,False,False
325.8542335033417,0.9101746761798859,6226.516321483542,0.6875335769120118,0.35046916577991016,False,False
326.6971733570099,0.9094849292437236,6247.929481759617,0.820254166712991,0.1273872009609793,False,False
329.63702416419983,0.9092507782909606,6208.686106385848,0.5475107016627263,0.4844652528611645,False,False
341.13465642929077,0.9084341538614698,6252.740588153169,0.8166261873239863,0,False,False
352.7769501209259,0.9052403669224846,6223.47159212954,0.4567553218384045,0,False,False
363.84444785118103,0.9020063787036472,6217.969657997029,0.41614808519453195,0,False,False
377.83688282966614,0.8989320918586519,6223.362136848169,0.48915500641565446,0,False,False
379.2848460674286,0.8950453040997187,6148.301090164243,0.015561189745486698,0.09195089936857348,False,True
397.8692727088928,0.8946430937449137,6149.852310860424,0,0.4811948005458561,False,False
415.7843384742737,0.8894807510243522,6245.792339910661,0.7344355056334783,0,False,False
416.5142343044281,0.8845043444633484,6225.476629197981,0.6917592021619513,0.3867668932652452,False,False
417.56456422805786,0.8843015955554114,6158.613110344921,0.5104713920824592,0.9749827296783307,False,False
418.4245693683624,0.8840098376406563,6225.096422785163,0.6649895183605444,0.3492368608077391,False,False
427.94384503364563,0.8837709452046288,6165.498955482128,0.10280591274651998,0,False,False
439.154580116272,0.8811267040173213,6150.748627928769,0,0.5438835065230458,False,False
455.11660647392273,0.8780126108063592,6149.702736737162,0,0,False,False
481.28514528274536,0.8735787141985363,6150.931853244487,0,0.8187395487319581,False,False
493.0761921405792,0.8663096758392121,6148.302816682191,0,0.1451468247021054,False,True
493.5882205963135,0.8630343867672814,6210.825306031634,0.7868558597154447,0.6760561096703587,False,False
501.4551508426666,0.8628921549850039,6199.887995821935,0.2950755607328639,0,False,False
511.72446727752686,0.8607068826754888,6184.04543587436,0.1935555638552224,0,False,False
525.0085604190826,0.8578543088833491,6249.527718147011,0.7797379325697298,0,False,False
536.2887895107269,0.8541642824808756,6229.848114530156,0.5340295124047172,0,False,False
548.6350173950195,0.8510308863719305,6171.856246250887,0.12964261005369138,0,False,False
559.3209776878357,0.8476013786262936,6200.7979883367525,0.3000282984421394,0,False,False
559.8244054317474,0.8446330557266871,6156.036024477331,0.14859952348570588,0.6394841171497465,False,False
568.7850985527039,0.8444932148853938,6236.1981034813925,0.5935750816046077,0,False,False
569.4658312797546,0.8420041334629059,6151.048582830639,0.08864155493148289,0.8157406549355937,False,False
570.2717242240906,0.8418150401115417,6148.834180834855,0.07193740780869337,0.9011871023799891,False,False
578.7699718475342,0.8415911821524302,6226.734737766931,0.514016191252622,0,False,False
584.627081155777,0.8392305573489931,6175.903275774779,0.1479825470954923,0,False,False
591.2052717208862,0.8376035819451014,6166.228150803321,0.11037674727424432,0,False,False
603.0059010982513,0.8357763074504004,6201.209625264846,0.2980594331505289,0,False,False
603.8666868209839,0.8324983554416232,6157.555837624112,0.19839386144358714,0.714778703805547,False,False
613.0668008327484,0.8322592479652828,6234.43311558182,0.6008762749588319,0,False,False
613.4885776042938,0.8297036602099737,6214.784777602307,0.5777903525145719,0.39508418578092663,False,False
620.2378218173981,0.8295864999294281,6224.793964897353,0.4811478074115002,0,False,False
629.5094978809357,0.8277117105325063,6186.916816616888,0.20712129142777602,0,False,False
630.2037439346313,0.8251362446281645,6155.020666363113,0.05904980357621424,0.22084211134924375,False,False
630.8879659175873,0.8249433983696832,6238.023296888163,0.766117195557712,0.250589793883704,False,False
631.5556039810181,0.8247533370388879,6207.07004758261,0.6742920672924461,0.6138190202482389,False,False
643.1443645954132,0.8245678812265396,6245.907127125094,0.7450191954468193,0,False,False
654.4491741657257,0.8213487817843755,6148.125651590277,0.011164103658727968,0,False,True
660.8742294311523,0.8182085582945082,6149.016176181367,0,0.0018460762401523924,False,False
661.5940566062927,0.816423818204138,6148.450402343631,0.013447448739557735,0.04826290584199661,False,False
668.2990388870239,0.8162238667408626,6149.438118350054,0,0.7870894497979009,False,False
674.5883119106293,0.8143613697422876,6147.981843942643,0,0.10203470627592764,False,True
675.0713219642639,0.8126143527693219,6160.16242130568,0.3028813945075384,0.8177837362046012,False,False
681.3317105770111,0.8124801825814777,6242.365275668655,0.6662833071827365,0,False,False
682.1272530555725,0.8107411843538285,6148.081455308713,0.04259372590856604,0.822792598965677,False,True
689.3409292697906,0.8105202030473285,6150.197468001326,0,1,False,False
689.8734164237976,0.8085164025094774,6152.4963517156175,0.26162326041906464,0.9424493335172244,False,False
690.4864857196808,0.8083684888813231,6227.834116944269,0.5734473991524999,0.13330888963272747,False,False
690.9552569389343,0.8081981921858258,6152.264815186083,0.45630974164904425,1,False,False
691.3900809288025,0.8080679780907101,6243.368210396026,0.7433266313820854,0.11482910296868798,False,False
691.8752129077911,0.8079471929868063,6162.759523430416,0.7582807080588582,1,False,False
692.5244779586792,0.8078124348322551,6148.354092214183,0.148904615307273,1,False,True
693.3345460891724,0.8076320847537782,6240.757222322374,0.7925953460592898,0.2087424894786496,False,False
703.818356513977,0.807407064570321,6148.053817263623,0,0.3690852605360966,False,True
704.4143414497375,0.8044948961337408,6161.460977029109,0.7235146078677266,1,False,False
705.0548195838928,0.8043293437030581,6163.996672241275,0.3271169274891779,0.8079843386472976,False,False
712.094464302063,0.8041514321830537,6220.375252007431,0.459443390682327,0,False,False
712.7858974933624,0.8021959754493502,6236.358497207373,0.6665015983285828,0.11402545840256761,False,False
714.6155569553375,0.8020039109388988,6149.673888503627,0.01073576140194066,0.39319675064051207,False,False
715.2843034267426,0.8014956727292802,6154.0771380459655,0.49819361328008965,1,False,False
727.2605214118958,0.8013099096881019,6167.633134818479,0.1093381764068733,0,False,False
735.8143932819366,0.7979831780327691,6204.546968992831,0.3137308608131958,0,False,False
736.3953862190247,0.7956071070167754,6190.264511824257,0.7060820909062325,0.826305080590315,False,False
736.8980276584625,0.7954457201560339,6185.54679133136,0.4912349716272858,0.6854752413693479,False,False
737.6306216716766,0.7953060960769653,6245.978243157691,0.7482961576375313,0.06720072362426954,False,False
738.4046304225922,0.7951025995281007,6159.34698482134,0.4579635390636393,0.9745085332607577,False,False
749.4403715133667,0.7948875969648361,6240.806431251287,0.6484652130735613,0,False,False
750.1376521587372,0.7918221133947372,6208.490248402881,0.5146484702122752,0.4189591570928677,False,False
750.7646696567535,0.7916284243265788,6244.881008953253,0.7581864445686134,0.09760411995254842,False,False
760.2600221633911,0.7914542522695329,6202.750087899912,0.31429565888986155,0,False,False
761.2446229457855,0.7888166551457512,6202.044840649472,0.33324063534206405,0.10174988076574565,False,False
761.9108738899231,0.7885431543323729,6229.593016101715,0.7214626153207376,0.38144421052707633,False,False
769.6398603916168,0.7883580843607585,6250.0615246841935,0.7740948205877565,0,False,False
770.2918770313263,0.7862111428048876,6221.71169112654,0.4832729702582495,0.12795293534706384,False,False
782.0347027778625,0.7860300286610922,6225.9076225576155,0.5056375176181324,0,False,False
782.5418381690979,0.7827681318918864,6161.860101689063,0.33570610218933045,0.8239935176831205,False,False
782.9999434947968,0.782627261016104,6241.613955970681,0.731378974262179,0.12121128230520017,False,False
783.5241267681122,0.7825000095367431,6202.392791341752,0.4512191748917182,0.41063597584648764,False,False
784.0853021144867,0.7823544036679797,6157.638393845713,0.5960558398466901,1,False,False
790.3755459785461,0.7821985214948655,6222.3897927002645,0.4654022960367545,0,False,False
791.0532455444336,0.7804512308703528,6163.241294518094,0.14648559861391552,0.44697306542998483,False,False
798.3252060413361,0.7802629815207587,6186.28716820454,0.21235330342496103,0,False,False
798.9145522117615,0.7782429920302497,6149.928481525376,0.24942249926595725,1,False,False
807.7864124774933,0.7780792839659585,6205.895336125678,0.3278167924041539,0,False,False
808.3586227893829,0.7756148800585005,6154.908882290101,0.4449932313479925,1,False,False
808.9579312801361,0.7754559326171875,6232.337979050461,0.5878577879915918,0.10031275392862915,False,False
809.5072515010834,0.7752894396914376,6182.129233291395,0.3750016681814552,0.6187577496411986,False,False
810.5361371040344,0.7751368678940667,6171.431951472747,0.13021553906373576,0.02255875260582052,False,False
811.1541373729706,0.7748510668675105,6166.512450571094,0.4805090067932215,0.883429034376185,False,False
824.0495066642761,0.7746794004572762,6221.544608958679,0.4590986070070719,0,False,False
832.6745128631592,0.7710973534319137,6157.812199717529,0.06005420459871983,0,False,False
841.9787125587463,0.7687015182442135,6236.63252977783,0.6211743109226814,0,False,False
842.7193822860718,0.7661170183287727,6154.135725780891,0.11422834473687216,0.7867074216527778,False,False
843.5633838176727,0.765911276936531,6195.743557696176,0.4597235181020635,0.5371768785706467,False,False
850.0810239315033,0.7656768320004146,6244.325416204907,0.7021461330573336,0,False,False
850.6654119491577,0.7638663753536012,6221.8451592530855,0.569967966629089,0.23703301662322898,False,False
851.2566823959351,0.7637040460109711,6191.430702371022,0.2895981209499661,0.20300186951060867,False,False
858.2972073554993,0.7635398047500186,6239.695688218215,0.6567788862928086,0,False,False
858.8841388225555,0.7615841035710441,6231.2181515414195,0.7357025881359399,0.3631264219754602,False,False
859.5680685043335,0.7614210670524173,6175.962088872664,0.46452236724502194,0.767137552963548,False,False
860.0543520450592,0.7612310859892104,6155.971127702929,0.5057482231155572,1,False,False
860.679963350296,0.7610960068305334,6197.8627389415815,0.5221837529407116,0.5912176585247861,False,False
861.4545431137085,0.7609222270382775,6153.074035010509,0.11448180193783868,0.6616172131004555,False,False
862.2558133602142,0.7607070653968387,6201.71676727936,0.3274260578476714,0.11819445289609354,False,False
862.9548091888428,0.7604844907919566,6197.087688129983,0.369303958756687,0.34833871367905633,False,False
863.7282104492188,0.7602903251515495,6201.2470123291205,0.39379641916218533,0.3149097206804391,False,False
864.4098515510559,0.7600754900111093,6202.936750761015,0.7501956080426401,0.7233556150451079,False,False
878.556310415268,0.7598861463202371,6197.58804243446,0.270758717329709,0,False,False
886.9345116615295,0.7559565750757853,6169.024683554371,0.11926677113562076,0,False,False
887.5469660758972,0.7536292956272761,6208.048586017251,0.3970551655869897,0.14110894430348858,False,False
888.1279153823853,0.7534591706593832,6182.768705391876,0.7106212708264152,0.8665545951857989,False,False
888.7143952846527,0.7532977957195706,6197.2920750614885,0.3328449193971628,0.2213265228278069,False,False
889.2946517467499,0.7531348841057883,6199.773899124868,0.6419452332557912,0.6615931474438614,False,False
889.905270576477,0.7529737022187974,6154.538570659801,0.08065231356572612,0.409273363489552,False,False
890.9111878871918,0.7528040857447518,6163.279177982911,0.09326233456573561,0.07816443388777738,False,False
900.9744651317596,0.7525246642695533,6210.184898311223,0.356275107061229,0,False,False
901.7167370319366,0.749729309545623,6180.311442240878,0.1828782812589577,0.10319762531801546,False,False
912.512704372406,0.7495231228404575,6227.634173522563,0.5092333379292094,0,False,False
922.8375842571259,0.7465242431561152,6170.930276428076,0.12796174190684223,0,False,False
930.3143482208252,0.7436562206347783,6196.728277898459,0.2676891585379786,0,False,False
930.873587846756,0.741579342285792,6229.682322855945,0.6394262230659328,0.2512690509057776,False,False
931.4137709140778,0.741423997812801,6154.428510577865,0.3026991381383363,0.9144269121240692,False,False
931.8315916061401,0.741273945569992,6215.367454120188,0.4573201295097567,0.19020319623044868,False,False
932.3065192699432,0.7411578847302331,6169.969003798506,0.3245896275972841,0.71780011367653,False,False
932.895852804184,0.7410259615712695,6150.73339686777,0.054947813480484636,0.636968354742834,False,False
933.5010573863983,0.7408622574143939,6203.490687713804,0.32226909397569503,0.023150501720462013,False,False
934.1191871166229,0.7406941454940372,6219.342168408677,0.6670269466252069,0.45865282359898596,False,False
943.0641570091248,0.7405224419964684,6185.531272928127,0.20821132427868957,0,False,False
943.8288745880127,0.7380377285348044,6165.456530662415,0.5651097917454373,0.9350181250449591,False,False
944.4208204746246,0.7378253067202039,6180.223195986505,0.38906077348881013,0.641793888811083,False,False
955.1046993732452,0.7376608755191167,6222.138968122366,0.4425930658598627,0,False,False
955.732494354248,0.7346931333674325,6218.794662569385,0.5608087405562879,0.3096260720025707,False,False
956.5454156398773,0.7345187460713916,6183.122097753463,0.2535377642682475,0.26854818596618113,False,False
957.2443912029266,0.7342929339408875,6182.699381433545,0.2256656468895316,0.2061165789647386,False,False
957.8878798484802,0.734098774459627,6199.735189280218,0.6397463753644422,0.6879048464423632,False,False
966.2500991821289,0.7339200276798672,6209.404149972155,0.36887449636093583,0,False,False
967.0343818664551,0.7315971881813473,6186.263916518195,0.21274493583768778,0.018811232704739667,False,False
967.6542491912842,0.7313793320788278,6164.310795133893,0.23454962627273387,0.6822811694341226,False,False
976.9560358524323,0.7312071466445923,6153.38092423876,0.03428670075906722,0,False,False
977.5393500328064,0.7286233175463146,6155.468788846538,0.22240614312011717,0.8467486823829062,False,False
984.9914517402649,0.7284612858957715,6149.871433848726,0.029247084259369154,0,False,False
985.6175830364227,0.726391257709927,6212.890483951895,0.5948905739848006,0.47810426929232297,False,False
986.2792749404907,0.7262173322174283,6180.844349505858,0.42747940444561633,0.7018474308569289,False,False
986.9407424926758,0.7260335289769703,6160.293142851835,0.3665177167002549,0.8918887448419934,False,False
987.4589850902557,0.7258497876591152,6151.918850949254,0.20211205307598512,0.9082092404603622,False,False
988.9956395626068,0.7257058316469193,6150.028373895178,0.00629480907414858,0.5853449939233818,False,False
989.6076836585999,0.7252789833810594,6213.26764616287,0.3909149871220473,0.006857475367375521,False,False
990.2776110172272,0.7251089708672629,6234.0881085737,0.6048240489619682,0.05179293707723159,False,False
990.7694828510284,0.7249228797356287,6156.448400056273,0.24005760350587294,0.8300619123816112,False,False
991.3118195533752,0.7247862487369113,6183.561955279374,0.7058511589053085,0.8667405920075797,False,False
991.9776387214661,0.724635599984063,6152.097463707689,0.04658586853589866,0.2854413136814578,False,False
992.683938741684,0.7244506453805499,6166.811036845802,0.13479000212723538,0.24732993813300164,False,False
993.4550664424896,0.7242544558313158,6150.996341823862,0.1908201430826053,0.8903679999421379,False,False
994.5674750804901,0.7240402538908852,6155.453849803013,0.13725486653450644,0.7020630933780172,False,False
995.2942686080933,0.7237312509616216,6220.2848913293365,0.5301389573912727,0.22827394764207098,False,False
995.8648271560669,0.7235293637381659,6231.61554184434,0.6603958117643587,0.22482017329591536,False,False
996.5149397850037,0.7233708754512999,6148.89572364201,0.1369884653242443,1,False,True
997.1449184417725,0.7231902905305226,6165.134676616064,0.40527062797811303,0.8482458766050165,False,False
997.9441947937012,0.7230152934127384,6158.180943842099,0.11888329274127346,0.5136697362046645,False,False
1007.9446485042572,0.7227932730648252,6146.600470197849,0,0.38539795026077905,True,True
1008.5631086826324,0.7200153719054327,6193.179694643213,0.36134306842835767,0.341639816900976,False,False
1009.1546428203583,0.7198435749610266,6170.881110945237,0.45131930517623325,0.8122084723931386,False,False
1009.8650667667389,0.7196792599227693,6204.430701174351,0.3476645622876343,0.0980046082773966,False,False
1010.484622001648,0.719481920003891,6228.95563445695,0.6602850355658032,0.2720273454582154,False,False
1011.0347325801849,0.719309819870525,6164.0572942211165,0.2564050522725154,0.707323647486422,False,False
1011.9050621986389,0.7191570123036702,6173.062363548307,0.1905702633454216,0.303488898091949,False,False
1012.6343517303467,0.7189152536127302,6236.130147802016,0.7158926657995578,0.19396313063027282,False,False
1013.4245235919952,0.7187126472923491,6196.574045137926,0.6779767017557125,0.7369628917630795,False,False
1014.1744122505188,0.7184931817319657,6162.9695447948525,0.20469345072099496,0.6008431593601072,False,False
1024.3766825199127,0.7182848791281382,6231.170726749988,0.5389076651937804,0,False,False
1025.240253686905,0.7154509156280093,6209.654046644484,0.40959544049445845,0.1798455965131837,False,False
1025.9288482666016,0.7152110348807441,6217.42874993434,0.432873223384999,0.0609264068206265,False,False
1033.6223034858704,0.7150197583436966,6235.677449212781,0.5996292602515919,0,False,False
1034.1850001811981,0.7128826869858635,6149.24944537867,0.16683804860950102,1,False,False
1034.7849307060242,0.7127263830105464,6178.873750231226,0.36799021340915306,0.6182832032128354,False,False
1035.409723997116,0.7125597353114022,6161.048924745723,0.6517173474645176,1,False,False
1035.9795541763306,0.7123861822154787,6190.976075798199,0.6603556783047925,0.7814822615869451,False,False
1044.7520959377289,0.7122278957896763,6224.697609469179,0.49147096004440993,0,False,False
1045.282989025116,0.7097910788324144,6234.161832885394,0.5935840277111718,0.058238160882144174,False,False
1053.1352560520172,0.7096436083979076,6181.603181977005,0.18727303062722309,0,False,False
1061.8348495960236,0.7074624228477477,6219.486019206894,0.44062196801919723,0,False,False
1062.4933717250824,0.7050458695491155,6173.0493110194975,0.5346947730931959,0.8507213690601854,False,False
1063.2024054527283,0.7048629458083047,6156.265500257134,0.23214894023941773,0.7913455528241782,False,False
1063.8330779075623,0.7046659926573435,6184.401598116421,0.41727824480873577,0.6186396427057578,False,False
1064.5144889354706,0.7044907958639992,6168.537084537873,0.6877674060811153,0.9535698293119861,False,False
1065.2820389270782,0.7043015253543854,6151.617362273142,0.06332706303454244,0.5835451054548577,False,False
1066.311579465866,0.7040883168247011,6148.786661522301,0.08102190525983653,1,False,False
1067.0198538303375,0.7038023324807485,6180.31379954764,0.21016887928966643,0.2538689862358759,False,False
1077.6857824325562,0.7036055904626846,6213.973116468338,0.3950809905810648,0,False,False
1078.2794382572174,0.7006428325176239,6208.8563894578565,0.6560276019076037,0.5913175018979986,False,False
1078.8156955242157,0.7004779272609287,6186.442721499114,0.36630824988931077,0.509077721240728,False,False
1079.444673538208,0.7003289671738943,6155.482479090046,0.06751624423973805,0.321519279131326,False,False
1086.3628203868866,0.700154251853625,6235.201689942929,0.6008809903476953,0,False,False
1087.75443816185,0.6982325430048837,6205.433578664087,0.39697455115545166,0.20853832245500176,False,False
1088.4374718666077,0.6978459837701585,6219.883602196749,0.4887847027148658,0.12148876784409257,False,False
1089.177131652832,0.697656251721912,6224.118543738863,0.5975771386710068,0.2806254151832911,False,False
1089.7971482276917,0.6974507900741365,6192.132428633267,0.39219580450852193,0.4619747389363779,False,False
1090.4034628868103,0.6972785637776058,6191.880974386035,0.2543512118863228,0.04832155345916567,False,False
1091.684642791748,0.6971101435687808,6149.303537142888,0.037354400112222595,0.8631345125638565,False,True
1103.064029932022,0.6967542607254452,6150.008984352304,0,1,False,False
1103.564696073532,0.693593319190873,6180.067618130849,0.380954780289688,0.6202392745314079,False,False
1104.124083518982,0.6934542447990841,6151.525509285579,0.23990559947256268,1,False,False
1111.8520286083221,0.6932988601260714,6149.880477866682,0,0.5966815980510496,False,False
1118.3893110752106,0.6911522083812289,6150.0886783830265,0,0.7945571812760566,False,True
1118.892460823059,0.6893362979094187,6176.989513001339,0.4194166139743412,0.7280238790398283,False,False
1119.4367144107819,0.689196532898479,6181.297911903499,0.26334893644060087,0.4099392519000155,False,False
1120.019462108612,0.6890453516774707,6166.6316258738725,0.27173787152704293,0.705128063130106,False,False
1120.5943486690521,0.6888834770520529,6163.071830998792,0.6612327062349689,1,False,False
1121.2722883224487,0.6887237863408195,6151.517540613442,0.12846368124955715,1,False,False
1124.1548147201538,0.6885354699691137,6151.197666253295,0.24534404800018988,0.9923617632977326,False,False
1124.9544410705566,0.6877347678608364,6155.251507127224,0.5387218726738335,1,False,False
1125.6186113357544,0.6875126490990321,6154.428537602356,0.17240529651321612,0.7820476301889253,False,False
1126.2793691158295,0.6873281568288803,6185.827804249455,0.40483583547575364,0.5746333301905182,False,False
1126.9552052021027,0.6871446141269473,6172.702057346845,0.5948019057685163,0.9057962710061944,False,False
1127.7950325012207,0.6869568819469876,6153.0824926894875,0.416579122807972,1,False,False
1128.4345171451569,0.6867235959238476,6157.617602986831,0.6212187367970923,1,False,False
1131.2058279514313,0.6865459622277155,6150.964498851607,0.1629418137476829,0.9885692531207455,False,False
1131.9750607013702,0.6857761530081431,6156.667250494154,0.3725710104283862,0.9475099844225325,False,False
1132.4841799736023,0.6855624774429534,6153.421512132212,0.49884563838682083,1,False,False
1133.3128876686096,0.6854210554228888,6157.704338775087,0.2050205126500006,0.784207766962761,False,False
1134.640813112259,0.6851908584435781,6149.920739968723,0.19834847742349793,0.9647856809935265,False,True
1147.7047872543335,0.6848219919866986,6149.445065476703,0,1,False,True
1148.2981190681458,0.681193108956019,6166.65353583537,0.24469193312651077,0.6428932858091992,False,False
1148.9275860786438,0.681028294497066,6155.967941126665,0.10626458438524444,0.49360650572545717,False,False
1150.8337984085083,0.6808534410264757,6146.919486928804,0.012346039684761827,0.9193597037146106,False,True
1160.34486246109,0.680323940647973,6149.993180411033,0,0.3861284225284429,False,False
1169.9199712276459,0.6776819768216875,6147.533503286403,0,1,False,False
1181.7617757320404,0.6750222243203057,6147.655899733141,0,0.9205348633731738,False,False
1182.4949707984924,0.671732833120558,6149.238238578186,0.2337509310223808,1,False,False
1192.5642964839935,0.6715291688177321,6151.014770527149,0,0.5620122429867489,False,False
1205.6994273662567,0.6687321340375476,6148.279952933977,0,0.9146975874536782,False,False
1206.2643501758575,0.6650834865702523,6187.450413211571,0.6166866359499183,0.7747568265868826,False,False
1217.1019549369812,0.6649265632364485,6148.090725643824,0,1,False,False
1218.0946850776672,0.661916117866834,6150.478747378898,0.11373587721313805,0.835545494359511,False,False
1218.6849839687347,0.6616403597593308,6157.748823126402,0.6415113274126306,1,False,False
1228.1545677185059,0.6614763875140084,6146.7683482515295,0,1,False,True
1228.9048335552216,0.6588459481795629,6154.376330086689,0.08671284087698425,0.4977680629395145,False,False
1229.6871087551117,0.6586375400092866,6150.261034169721,0.039596321709889436,0.6937993443499748,False,False
1230.2847843170166,0.6584202415413327,6152.451371018963,0.21233381564308929,0.9190133423907519,False,False
1231.4444770812988,0.658254220949279,6150.268010843314,0.08666501360139718,0.9723662434106152,False,False
1232.2571244239807,0.65793208360672,6155.52240904881,0.3737290781989195,0.9840284730547564,False,False
1232.858830690384,0.6577063487635719,6186.48987502106,0.5516923728448482,0.7357717476641825,False,False
1234.9099826812744,0.6575392070743773,6150.470049783282,0.03916630606430377,0.9569548232330481,False,False
1235.5654737949371,0.6569694429636002,6169.701276448545,0.4482902715315108,0.8142141530292863,False,False
1236.1445195674896,0.6567873621649212,6166.193436080017,0.29977270782117066,0.7332492700131229,False,False
1237.0773684978485,0.6566265169117186,6150.012587886468,0.09732265043561018,0.9025108573134049,False,False
1237.704626083374,0.6563673917452495,6216.771801765803,0.6543545272975335,0.46202646854545604,False,False
1238.326668024063,0.6561931537257301,6188.700080932251,0.6106238914650097,0.7649796367337254,False,False
1238.955556154251,0.6560203637017143,6175.365331798322,0.39895902268332034,0.722974445430527,False,False
1239.6301200389862,0.655845673084259,6152.7650989373,0.34024489969274474,0.9768442614389202,False,False
1240.4224481582642,0.6556582715113958,6149.334887466655,0.05238189324603064,0.8664838850660636,False,False
1241.0179886817932,0.65543820268578,6197.060419777059,0.38957766889063195,0.38054517642477537,False,False
1241.5676374435425,0.6552727748288049,6196.65691418064,0.43833775036316036,0.47337329932310257,False,False
1242.046065568924,0.6551200945509805,6165.566270517076,0.20366600702585946,0.628130383767626,False,False
1242.5477187633514,0.6549871979819404,6164.762366944716,0.23165656684590805,0.6324852160913695,False,False
1243.2777314186096,0.6548478497399224,6150.927783399991,0.04468796298412998,0.7769882060496832,False,False
1243.7271690368652,0.654645068777932,6179.460146772411,0.4752339058362088,0.7468213964276342,False,False
1244.3692932128906,0.6545202245314916,6155.455695522304,0.37532516458657006,0.9623209354256326,False,False
1245.9543299674988,0.6543418570359547,6148.132203213527,0.015869410908021814,0.8446710378936817,False,False
1246.5473539829254,0.6539015691810184,6180.6449157373245,0.39593240943528135,0.6697010003193968,False,False
1247.1944575309753,0.6537368404865265,6194.036318426704,0.4099966115195915,0.47375776720324525,False,False
1247.9846205711365,0.6535570888386832,6169.733032822533,0.28205519771410226,0.6271126400412917,False,False
1248.7645163536072,0.653337598906623,6160.238473927935,0.22738865130251928,0.7241576764821933,False,False
1249.6692862510681,0.6531209611892701,6158.384709768996,0.12056538864254675,0.48914753784998277,False,False
1250.30437874794,0.6528696358866162,6200.885143025012,0.43048769884331745,0.40185804549083404,False,False
1250.8942987918854,0.6526932219664257,6179.05081548413,0.30738961917398583,0.5197483652226722,False,False
1251.5548930168152,0.652529355486234,6152.500458248738,0.13173612408499133,0.8346826197079227,False,False
1252.2650542259216,0.6523458567592832,6175.936997983713,0.4386348038797872,0.7547719758084298,False,False
1252.9751031398773,0.6521485903528002,6196.966085234654,0.3894779974310044,0.3746351446088829,False,False
1253.5959160327911,0.6519513543446859,6174.494496191811,0.395212958021128,0.7200717683381463,False,False
1254.2149913311005,0.6517789064513313,6163.2548781617315,0.2583187070321502,0.7262040058426014,False,False
1254.8025209903717,0.6516069404284159,6174.589432068968,0.48481737621792825,0.8657679406452073,False,False
1255.4447102546692,0.6514437378115124,6172.9304904344,0.34544523294769974,0.6884341947150228,False,False
1255.9750049114227,0.6512653527657191,6204.768418788084,0.5821674792012355,0.562805331570879,False,False
1256.5211818218231,0.6511180484957165,6188.434600031478,0.6209866191974562,0.7662313412118648,False,False
1257.2757170200348,0.6509663322236803,6192.05439382481,0.6039752511778193,0.753777373303034,False,False
1257.9424364566803,0.6507567388481563,6160.8913608864605,0.35399565736545413,0.8836964711582767,False,False
1258.4982924461365,0.6505715399318271,6199.9677452783435,0.40821796777681774,0.3502868662227151,False,False
1259.179454088211,0.650417135225402,6181.435023346931,0.34001928753980715,0.5463258672068134,False,False
1259.758587360382,0.6502279232607948,6151.7997048112165,0.19546169258749044,0.9145400113882467,False,False
1260.628851890564,0.6500670525100496,6148.288068765163,0.15639152211425653,0.9476822643544234,False,False
1261.4146463871002,0.6498253133561875,6184.0084369666565,0.31955782956684814,0.45714879410760645,False,False
1262.0313580036163,0.649607036643558,6167.945260833672,0.399930098095997,0.8219312033624411,False,False
1262.6172111034393,0.6494357283247842,6158.566249422266,0.13593151029889616,0.5772134217153431,False,False
1263.2471656799316,0.6492729904916552,6199.59014329787,0.4526161824755082,0.4472520704671612,False,False
1263.7871906757355,0.6490980039040248,6165.2244765828855,0.19475768527479495,0.5925064065115935,False,False
1264.9042520523071,0.6489479968945185,6150.852409830422,0.03545747407332898,0.8445015064251528,False,False
1265.4076716899872,0.6486377021339205,6189.536837730067,0.35648788333395587,0.43463437194845334,False,False
1266.0143113136292,0.6484978628158569,6190.67154256048,0.5054475168189585,0.6571559026500182,False,False
1266.704793214798,0.6483293525377909,6181.266841801944,0.4327556988615556,0.697816613660957,False,False
1267.426037311554,0.6481375511487325,6163.631548860709,0.1761987351068552,0.5594271180393495,False,False
1268.1444652080536,0.6479372055663003,6200.80100949314,0.5318205524008767,0.540140190498595,False,False
1268.7604575157166,0.6477376427915361,6169.709970826343,0.3576874318901677,0.7472005802086773,False,False
1269.454435825348,0.6475665341483222,6189.976915361519,0.6102501236840393,0.7541987797580034,False,False
1270.9726152420044,0.6473737616671456,6148.528104091491,0.07681178716871902,0.9116261929021784,False,False
1271.5913152694702,0.6469520455598832,6161.083509470491,0.20583570225761955,0.6744892780742817,False,False
1272.664377450943,0.6467801841762331,6152.046539618709,0.2042094878118257,0.9715722546624361,False,False
1273.4944546222687,0.6464821112155914,6183.7807141811645,0.4909388130293316,0.7354615803174537,False,False
1277.824161529541,0.646251534819603,6148.476786249013,0.017889417325022357,0.9469402096493325,False,False
1278.5049209594727,0.6450488383240169,6163.467297996928,0.41406630438377706,0.8782562471851151,False,False
1279.1442050933838,0.6448597378863229,6167.369730493064,0.3163858797320084,0.7567753560053233,False,False
1288.819895029068,0.6446821596225103,6148.959717491229,0.06706026417906367,0.9995686501208195,False,False
1289.3412835597992,0.6419944678412544,6182.970223038564,0.49495147282851887,0.7163278977753155,False,False
1290.0714168548584,0.6418496365679636,6153.995593215479,0.14764010733945163,0.7818547249562532,False,False
1290.804381608963,0.6416468229558733,6156.899587249771,0.10434944128888633,0.3965851751431464,False,False
1291.3797874450684,0.6414432218339707,6157.4794458360975,0.1812688805041366,0.6779749526082008,False,False
1292.19495511055,0.6412833861509959,6165.3436806389345,0.19740042308953118,0.5136921709546798,False,False
1292.900063276291,0.641056950158543,6187.533042934029,0.4778212148194276,0.6531455100766044,False,False
1293.615407705307,0.6408610870440801,6197.237379190378,0.4869424020019882,0.5228856838706348,False,False
1294.4948191642761,0.6406623811191983,6170.492019391555,0.48820199873001074,0.8504926307360943,False,False
1295.2356042861938,0.6404181000259188,6156.641995267412,0.4416248107999677,0.9558007684182133,False,False
1295.904636144638,0.6402123267120785,6214.865146085785,0.6046115981098862,0.42342432926608764,False,False
1296.6451423168182,0.6400264843304952,6162.421214061153,0.15948847429137844,0.5210384061304356,False,False
1297.4147095680237,0.6398207879066466,6162.071070386666,0.1347965706015779,0.49687712484327207,False,False
1298.0043473243713,0.6396070189608468,6194.213641456988,0.44713500912766624,0.5858559672987079,False,False
1298.7546145915985,0.6394432309601041,6156.840813249331,0.21586752317542732,0.8504427676711609,False,False
1299.2205169200897,0.6392348235183292,6182.3683855113795,0.5559766296822948,0.7967707550452615,False,False
1300.635010957718,0.6391054006417592,6147.911661805358,0.03058162251531452,0.9009599053981298,False,True
1309.5565888881683,0.6387124925189548,6150.156647493344,0,0.7439624109905771,False,False
1317.2603750228882,0.6362342752350701,6150.223984457594,0,1,False,False
1318.0853974819183,0.634094334575865,6148.150694719889,0.07895370855905724,1,False,True
1327.8158452510834,0.633865162730217,6149.001066684789,0,0.8443698063073708,False,False
1340.4115607738495,0.631162258916431,6148.4723624883845,0,0.4368224058754726,False,True
1348.7354826927185,0.627663451300727,6188.076718526798,0.21905963952032897,0,False,False
1349.5556938648224,0.625351248913341,6179.055482407614,0.17207250177132993,0.043658289251196136,False,False
1350.634038925171,0.625123412542873,6168.366948180852,0.11858974352218797,0.00047118916560928703,False,False
1351.3869154453278,0.6248238719171948,6165.744591705866,0.25313147549662957,0.6625109828137786,False,False
1352.1125345230103,0.6246147342522939,6188.6773550175685,0.22954110030129843,0.0055269343739977606,False,False
1352.7552392482758,0.6244131548537148,6177.801377613896,0.2540456503501705,0.4336378260532672,False,False
1353.7626218795776,0.6242346492740842,6151.095618668172,0.024593760602788433,0.1617271663834346,False,False
1354.6767270565033,0.6239548206329346,6151.78263645253,0.2758561795688009,0.9790151928172984,False,False
1355.368924856186,0.6237009025944604,6179.695363553468,0.41741134303683963,0.6757961511095844,False,False
1356.3342456817627,0.6235086257590188,6191.985045377427,0.26662065061297385,0.20515641072395874,False,False
1357.1190752983093,0.623240481350157,6193.897693350345,0.25908364894430663,0.06568018183585511,False,False
1357.8265936374664,0.6230224724610647,6153.354282170733,0.10533452954957964,0.6414591181241056,False,False
1358.708943605423,0.6228259404500325,6218.944834543008,0.4258661672137856,0.0018665737666528348,False,False
1359.4422616958618,0.6225808418459362,6154.466875173459,0.2012207455995057,0.8412559589809925,False,False
1360.1560492515564,0.6223771425088247,6150.528824217,0.06413800643947407,0.6141530809165077,False,False
1361.1842749118805,0.6221788695785735,6161.180269996898,0.10462028315299239,0.18380667688928293,False,False
1361.9063041210175,0.6218932512733671,6148.833150451227,0.08033375775856552,0.8737160796368906,False,True
1362.6845710277557,0.6216926891936196,6153.508701389275,0.13554850193868206,0.7957454386482355,False,False
1364.3295783996582,0.6214765025509728,6148.972320569471,0.007592424901309985,0.46118523754606194,False,True
1372.5144505500793,0.6210195534096824,6149.137679154719,0,0.863824916411448,False,True
1373.1395235061646,0.618745981587304,6148.602553369028,0.15704561804347794,1,False,True
1379.436538696289,0.6185723504755232,6149.719622651867,0,0.5075283880157374,False,False
1385.9252591133118,0.6168231781986024,6150.037776402744,0,0.6450115470344432,False,True
1386.529082775116,0.6150207572513157,6151.9790348577635,0.0670319306315959,0.43665938774852187,False,True
1394.5488710403442,0.6148530281914605,6241.692709500346,0.6729141217463426,0,False,False
1400.228021144867,0.6126253076394399,6148.9326912069955,0,0.8408794246600149,False,True
1400.8613722324371,0.6110477676656512,6156.276786506403,0.5200350778335682,1,False,False
1401.5250823497772,0.6108718351523081,6166.9045121284635,0.2105433476487453,0.5926767819301996,False,False
1402.4748051166534,0.6106874708334604,6152.054161327082,0.07617630810754848,0.6369097881761716,False,False
1403.8342413902283,0.6104236598147286,6149.179888865698,0.1664365227805669,0.9724830597865017,False,True
1416.7185640335083,0.6100460398197174,6149.3651145953045,0,1,False,True
1417.3345997333527,0.6064670595857833,6188.731402568979,0.3416002488994861,0.43091150096190356,False,False
1418.2964136600494,0.606295938955413,6150.429076333423,0.16158010150224195,0.8807105375679509,False,False
1419.0645883083344,0.6060287678904004,6157.3311588187335,0.26301032849946004,0.8329959459549248,False,False
1419.8049864768982,0.6058153863747915,6199.407876227444,0.5668787916823941,0.6298969723219408,False,False
1420.5157713890076,0.6056097193559011,6206.312870115018,0.5658273259059692,0.5019270649553689,False,False
1429.551194190979,0.6054122802284029,6149.996278762448,0.26486634239131607,0.9976375626987297,False,False
1430.3002650737762,0.6029024401638243,6153.019527689225,0.11708962615423728,0.776028278951801,False,False
1431.07142329216,0.6026943652497397,6158.161142179901,0.37409314271731686,0.9032747010041793,False,False
1431.7475516796112,0.6024801525804732,6152.131228960874,0.21931428185664503,0.8977316262702416,False,False
1432.2846298217773,0.6022923409276538,6163.612961415082,0.27585116292310363,0.7200491065297547,False,False
1432.8405566215515,0.6021431524223751,6182.529737022456,0.3675351939691666,0.6253906301698005,False,False
1433.6146335601807,0.6019887281126446,6158.067086237434,0.1914074117532993,0.730072445209718,False,False
1434.8085446357727,0.6017737069394853,6149.521862562939,0.020372195120092564,0.5318738211371296,False,False
1436.009033203125,0.6014420649740431,6151.5380360914205,0.022148488599669492,0.8290725985981731,False,False
1436.6657605171204,0.6011085961262386,6169.754765967,0.2454623579988886,0.5408165543926119,False,False
1437.7644357681274,0.6009261717398962,6150.741648792603,0.04289177360037542,0.6926843295528333,False,False
1438.3349077701569,0.6006209843026267,6167.820412687453,0.5525444732990303,0.8981796484147332,False,False
1439.0746808052063,0.6004625197913911,6169.828210481561,0.20162883779453208,0.44428519751280526,False,False
1439.6848249435425,0.6002570266193814,6158.675634645902,0.17381333535927804,0.6954747182698263,False,False
1443.2751512527466,0.6000875427987841,6168.782403705397,0.49541222654149325,0.8566738955088837,False,False
1444.0601558685303,0.5990902302662531,6151.802817364458,0.05717233707904771,0.5362686376477717,False,False
1445.2871174812317,0.5988721719715331,6184.316571289469,0.3971117443305611,0.5785533025989469,False,False
1446.3324658870697,0.5985313506921133,6154.815398367133,0.12615788535782882,0.6594476213241656,False,False
1447.396227836609,0.5982409763336182,6150.129088743762,0.07458048961977892,0.9024248655798819,False,False
1447.9750351905823,0.5979454841216405,6155.179605488223,0.08929431597605325,0.45137515385533966,False,False
1448.554414510727,0.5977847040361828,6180.713576583052,0.417232390305998,0.6642419393583294,False,False
1448.9990255832672,0.5976237669255998,6159.252228278587,0.17806058320876295,0.6528056853775208,False,False
1449.573963880539,0.5975002651082144,6159.588763224466,0.28019487494723416,0.8417908079040668,False,False
1450.4994127750397,0.597340559164683,6152.482692178023,0.08440897420686609,0.5564469675098052,False,False
1451.24121260643,0.5970834906895955,6152.22274532759,0.06011661100520055,0.4419194387732389,False,False
1451.9106485843658,0.5968774349159665,6158.548342481395,0.37892125827078893,0.893164450921031,False,False
1452.4744458198547,0.5966914806101058,6169.594080114642,0.39428789399858827,0.799252350488201,False,False
1453.12535738945,0.5965348699357775,6162.80079699045,0.5039922646617259,0.929084791758211,False,False
1453.7047147750854,0.5963540614313549,6179.81755799735,0.5955588282369644,0.8510414332407179,False,False
1454.4418563842773,0.596193127632141,6162.383831528114,0.21937345324223623,0.6991299804836641,False,False
1455.455368757248,0.5959883670012156,6194.5774482657125,0.512549022507136,0.6367392586142815,False,False
1456.2739572525024,0.5957068363163207,6157.278659868871,0.18249399967259403,0.6857792409121459,False,False
1456.8920538425446,0.5954794504907397,6159.236037272398,0.14701705015714245,0.5458486728026346,False,False
1458.5451047420502,0.5953077572584152,6156.444048098402,0.13180980569079312,0.5778655255708178,False,False
1459.1907663345337,0.5948485763867697,6183.044673563623,0.5844443620744456,0.8114761292109562,False,False
1459.8253083229065,0.5946692256795035,6151.667529361073,0.10988957353842115,0.7852260435583227,False,False
1460.8444457054138,0.5944929625590643,6147.455894165243,0.015468966155729218,0.5489809891744089,False,True
1461.4269499778748,0.5942098710272048,6178.870411475026,0.2018971367576335,0.19234426046192554,False,False
1462.0660049915314,0.5940480638212629,6161.360166606221,0.19074725035605028,0.6341131596715777,False,False
1468.1930615901947,0.593870547943645,6148.511817132937,0,0.6866418169056036,False,False
1468.7135980129242,0.5921685883733961,6206.396147038366,0.47492036695602957,0.38269833737450254,False,False
1469.8552837371826,0.5920239891608556,6154.40193804043,0.121703116129255,0.714663609500791,False,False
1479.7126801013947,0.591706858476003,6152.062843023088,0,0.9892949541490363,False,False
1487.0516979694366,0.5889686942100525,6148.785591967328,0,0.05498108602496565,False,False
1488.8250725269318,0.5869300779369142,6148.63910325006,0.0038666050782891273,0.25702248879660056,False,False
1489.788757801056,0.5864374734958013,6153.008701675273,0.047543100307135544,0.3954545088432184,False,False
1490.4373762607574,0.586169783141878,6211.0516703220665,0.5094041129178565,0.3524916960073128,False,False
1495.1385879516602,0.585989612142245,6147.363841906657,0.003498257111087009,0.6179932240568641,False,True
1495.8900315761566,0.5846837044424481,6225.113520472385,0.5750692018271892,0.22623414796743385,False,False
1496.5850987434387,0.5844749849372439,6156.749686516797,0.5247610171580639,1,False,False
1497.4857444763184,0.5842819106578827,6184.134950289144,0.21341349809715696,0.05696014523163062,False,False
1498.1945118904114,0.5840317313538657,6188.239170929149,0.3279382126285403,0.42171337623952765,False,False
1498.928581237793,0.5838348519802093,6183.341798080581,0.4080972941403995,0.624463787931359,False,False
1499.7056334018707,0.5836309427022934,6150.03478329833,0.24236155664895892,1,False,False
1509.1236414909363,0.5834150961372587,6148.398765146855,0,1,False,False
1518.8669946193695,0.5807989829778671,6150.521012803602,0,0.28596952703798467,False,False
1527.2652595043182,0.5780924955341551,6147.79396341735,0,1,False,True
1527.8638401031494,0.5757596445745892,6166.21101463235,0.3835303498067179,0.8282891286411023,False,False
1528.4916789531708,0.5755933717224333,6173.752635659971,0.5554804471211395,0.8517448750889073,False,False
1529.8726408481598,0.5754189718431897,6150.072157730729,0.014047132545842403,0.6862108062659981,False,False
1530.4748058319092,0.5750353719128503,6149.547849494414,0.057732171075684735,0.685482496223284,False,False
1531.2945301532745,0.574868102868398,6156.376560642416,0.17191466160810537,0.762598827652641,False,False
1531.9924864768982,0.5746404027276568,6185.690104711035,0.4710566937279527,0.7170385953036169,False,False
1532.7058458328247,0.5744465251101387,6149.626696095042,0.06434259405876669,0.8203571746346817,False,False
1533.264498949051,0.5742483705282211,6190.9043540987695,0.4207715177614389,0.5394859823828484,False,False
1533.8314402103424,0.5740931887759102,6172.690920316336,0.4790238808904877,0.8080479838413711,False,False
1534.3506512641907,0.5739357055558099,6169.582711087201,0.4331117635220774,0.8323720339151853,False,False
1534.867095708847,0.5737914800643921,6202.7773365925395,0.5291635170526271,0.5302785350940435,False,False
1535.3970656394958,0.5736480225457086,6165.176490027286,0.4342826991508247,0.8708125389954169,False,False
1536.0594363212585,0.5735008095370399,6155.449785407034,0.2729068201781536,0.9358085725371673,False,False
1536.6434996128082,0.5733168174160852,6151.930510070231,0.1034963836832207,0.7591877602311876,False,False
1537.221734046936,0.5731545772155127,6157.92736864654,0.36626017354338336,0.897832617335602,False,False
1537.7513613700867,0.5729939572016398,6179.271331247278,0.31313975251473264,0.5718091648205859,False,False
1538.2553825378418,0.5728468381034003,6187.315532399116,0.33390987252879634,0.43385906721502665,False,False
1539.0247211456299,0.572706830435329,6160.3856485873075,0.15192088106071505,0.5601257137033937,False,False
1539.6335768699646,0.5724931271208658,6195.027836301429,0.4581286454824917,0.5230588736266812,False,False
1542.053186416626,0.5723240005970001,6149.327194664793,0.10258466939525973,0.9897348248808894,False,False
1542.526298046112,0.5716518867678113,6158.0472338365,0.4302043062932816,0.9449161462537156,False,False
1543.0411851406097,0.5715204667382769,6187.598308729917,0.4112504266666339,0.6042888593980498,False,False
1543.7161891460419,0.5713774428764979,6182.201553374545,0.38193194340130937,0.6183153465315891,False,False
1544.4273319244385,0.5711899418963327,6186.03221484192,0.3668284950341046,0.49912979712152306,False,False
1544.9867022037506,0.5709924023018943,6163.176299272276,0.20885198235742106,0.6504262759194133,False,False
1545.5193378925323,0.5708370202117496,6172.360014041924,0.2919673837319289,0.673280373401419,False,False
1546.0540030002594,0.5706890665822559,6183.872855312797,0.41491255180436865,0.6207239172799324,False,False
1546.6956465244293,0.5705405479007297,6157.452390572658,0.18235122274853935,0.7284584226131641,False,False
1547.4046051502228,0.5703623144494163,6178.179995051892,0.4177017813597084,0.7207455399043123,False,False
1548.4316046237946,0.5701653807693058,6150.003930708163,0.05593842675685544,0.5530598959882569,False,False
1549.034439086914,0.5698800949255625,6175.569906409862,0.3458695814462542,0.644636029011818,False,False
1549.6741769313812,0.569712649650044,6178.551991898807,0.4449307310957464,0.7476234028504519,False,False
1550.17436003685,0.5695349445607927,6178.3647647862135,0.3086469525501915,0.5703333550215764,False,False
1551.0842397212982,0.5693960052728653,6161.234420262538,0.4872601324317117,0.9386242834330922,False,False
1552.1047248840332,0.5691432607836193,6149.470319265207,0.06704779440802348,0.9220402184637742,False,False
1553.074466228485,0.5688597915569942,6149.516992097253,0.061326219967692254,0.8700131667596842,False,False
1553.6600785255432,0.5685904197560416,6158.574996020947,0.18488716006439418,0.7041851227227887,False,False
1554.6603906154633,0.5684277497397529,6150.21544274706,0.14445578409465795,0.8771278999164581,False,False
1555.6843841075897,0.56814986579948,6149.80083874013,0.12679627484081762,0.9371828034694424,False,False
1556.4785010814667,0.567865442832311,6154.209911580003,0.15510228200306936,0.7410883407062638,False,False
1557.254484653473,0.5676448546515571,6149.765660948968,0.2513415412921135,0.9553135907924162,False,False
1557.7904770374298,0.5674293025334676,6154.498863663002,0.27375913110755234,0.9309215287761704,False,False
1558.6444990634918,0.5672804174820583,6152.497125268936,0.06481379844608338,0.6473614642796881,False,False
1559.256426334381,0.5670431886116664,6188.225506857457,0.4279805164416968,0.5884746976994584,False,False
1559.7523047924042,0.5668732092115614,6177.97716064711,0.27718839031645653,0.5020145303396075,False,False
1560.364729642868,0.5667354651292165,6201.1401306995485,0.503434171305959,0.49772418016758146,False,False
1561.0773429870605,0.5665653466516071,6175.696613434145,0.32639673863540536,0.6268195862624222,False,False
1561.7975289821625,0.5663673971758949,6179.342222690234,0.45740964201263373,0.7418951630697193,False,False
1562.3780484199524,0.5661673469013637,6171.045753490662,0.34792699511892183,0.7138768965074086,False,False
1563.0645599365234,0.566006091568205,6162.796768504403,0.2588349375353545,0.738858313199861,False,False
1563.7607600688934,0.5658153938584858,6197.497313710909,0.4619275714933466,0.5154148343628908,False,False
1564.2850394248962,0.5656220049990548,6184.770795608116,0.4334595679725321,0.6376113517434892,False,False
1565.1644899845123,0.5654763712485631,6149.298457555751,0.159538821952916,0.9301478158720687,False,True
1565.8848807811737,0.5652320816781786,6163.396133477247,0.13194003948879213,0.42262458640613165,False,False
1575.5317931175232,0.565031971335411,6152.035658309552,0,0.48296072337913093,False,False
1575.994904756546,0.5623522730668387,6180.359685367592,0.6527660073145112,0.860662450675851,False,False
1582.1166994571686,0.5622236318058438,6151.9445490433845,0,1,False,False
1582.6386816501617,0.5605231337414848,6174.474188595443,0.22911337822081262,0.4652017736784249,False,False
1595.1091992855072,0.5603781384891934,6151.467379458494,0,1,False,False
1595.625584602356,0.5569141056802538,6150.241294376558,0.19179552230019237,1,False,False
1603.770089149475,0.5567706647846433,6150.606405908732,0,0.863159531063084,False,True
1604.594330072403,0.5545083043972652,6153.855574127475,0.16408258043565027,0.7728460771124028,False,False
1605.5613889694214,0.5542793465985192,6150.68496268742,0.049582101349985926,0.6422094168706793,False,True
1606.3542175292969,0.5540107213126289,6154.690959696395,0.1562090385565077,0.721558504156675,False,False
1606.9449515342712,0.553790489104059,6175.81868890791,0.25765251185203925,0.5049049253890661,False,False
1607.6291353702545,0.5536263965235816,6187.434844602683,0.2859644071879044,0.2773580438130797,False,False
1620.2387313842773,0.553436345325576,6149.643857154633,0,0.9604874815548459,False,True
1620.9741859436035,0.5499336814880371,6164.578623804525,0.4918859031714532,0.9310802327957197,False,False
1621.5365793704987,0.5497293866342968,6154.449620879549,0.4855087696126687,1,False,False
1622.4482758045197,0.5495731663041645,6169.248280946673,0.18079946272604797,0.4345157872037413,False,False
1623.1040551662445,0.5493199169635773,6149.943606293577,0.23055365584794604,1,False,False
1623.894909620285,0.5491377377510072,6148.627568713373,0.03866887547422932,1,False,True
1624.6386885643005,0.5489180755615235,6161.859783402705,0.48591309435951213,0.9327506726283409,False,False
1625.1342577934265,0.5487114685111576,6189.441305894295,0.4462596280095242,0.6163154142260086,False,False
1631.8352136611938,0.5485738113853666,6149.073629750619,0.015171581560608615,0.9754309629801278,False,True
1642.005116224289,0.5467124361462063,6148.295785452474,0,1,False,True
1642.6414113044739,0.543887462152375,6170.5875162118255,0.4637713030200999,0.839371176293984,False,False
1643.2852334976196,0.543710713452763,6149.364137138209,0.05367610756740183,0.7404242436431888,False,False
1643.9613485336304,0.5435318735573027,6150.199773165323,0.09285080607360856,0.8492642981664513,False,False
1644.5746665000916,0.543344064089987,6148.779216375886,0.12936397461076324,0.8975315288457737,False,False
1645.3414466381073,0.5431736974583732,6151.852656551563,0.23893253239870127,0.9757502479453706,False,False
1645.7424874305725,0.5429607032405006,6194.452023615657,0.45718898903594346,0.5212519384066037,False,False
1646.2977843284607,0.5428493030203714,6159.072285916447,0.45664742174678263,0.9422614974511747,False,False
1646.9057989120483,0.542695054213206,6153.898968375553,0.1380574659502544,0.8032474675895703,False,False
1647.4365575313568,0.5425261605448193,6173.59107909004,0.2177354165064734,0.48821115060042186,False,False
1647.9041817188263,0.5423787280586031,6165.883716547462,0.3103191255960909,0.7776126330813262,False,False
1648.4345498085022,0.542248832318518,6179.139768462402,0.5269291852990129,0.7929445440247671,False,False
1649.0682199001312,0.5421015085114373,6155.816302092161,0.3445009032807232,0.9364272869460359,False,False
1649.5270671844482,0.5419254881143569,6158.103658631066,0.1367984474046612,0.5731690569337912,False,False
1650.2940685749054,0.5417980311314265,6156.840480276948,0.18818949405810498,0.7844823396298073,False,False
1650.8437645435333,0.5415849752558602,6164.523637756136,0.3287936910313213,0.7960751957700363,False,False
1651.4644043445587,0.5414322816663318,6178.126627166491,0.32662197016268135,0.5889728903090685,False,False
1652.1326761245728,0.5412598816553751,6175.338759938157,0.28479577126845407,0.5857631554506333,False,False
1652.8756484985352,0.5410742510027355,6184.582122869715,0.3765987999807583,0.555192218202406,False,False
1653.785043478012,0.5408678695890639,6152.520583106195,0.23234148342568814,0.9056728737478132,False,False
1659.0411262512207,0.5406152591440413,6150.262667003199,0.2821883397682601,0.999025240384468,False,False
1659.794498205185,0.5391552369462119,6169.172905464586,0.22703318736546255,0.5307314823504152,False,False
1660.4200720787048,0.5389459667603175,6183.965232582826,0.4395917680044394,0.6900088396666393,False,False
1661.7349512577057,0.5387721963723501,6148.973956329697,0.08981099061115011,0.9510151111126564,False,False
1662.514569759369,0.5384069512950049,6152.730701094506,0.0719441835951891,0.5691572835842251,False,False
1663.7059397697449,0.5381903911299175,6150.4559230502,0.036747049719977186,0.7418294291980605,False,False
1664.4928164482117,0.5378594555457433,6155.083340497435,0.29081244104145365,0.89813308167954,False,False
1665.6170887947083,0.5376408668359121,6149.707713533802,0.05749098445052779,0.9327235996208438,False,False
1666.0951132774353,0.5373285806179047,6163.355951928745,0.27408632689297463,0.7334165762876446,False,False
1667.7514243125916,0.5371957959731419,6148.654316409995,0.06898505709273789,0.9547851734032178,False,True
1678.2948145866394,0.5367357107665804,6148.419950068722,0,1,False,True
1679.209067583084,0.5338069907161924,6158.496958560824,0.44653976032376347,0.9553335020123089,False,False
1681.0726342201233,0.5335530312193765,6148.021072758622,0.0791146892807962,0.9734605995015189,False,True
1681.5944879055023,0.5330353752772014,6155.054012331666,0.43201777470828717,1,False,False
1689.354067325592,0.5328904139995575,6148.325541145938,0,0.902027602019508,False,False
1689.8955252170563,0.5307349754704369,6150.7428380183,0.25007910894192337,1,False,False
1696.6692950725555,0.5305845706330405,6148.624432446666,0,0.6412657985572188,False,True
1697.2583463191986,0.5287029508749643,6175.555814390495,0.27641654827446155,0.5351579417556217,False,False
1697.9144778251648,0.5285393427477942,6178.896801800613,0.2500473072976538,0.42190583384509595,False,False
1698.7437252998352,0.528357083665,6163.76531494638,0.193154174459432,0.6118143622658567,False,False
1699.3847091197968,0.5281267371442583,6149.709787009718,0.057672319374023645,1,False,False
1700.0764241218567,0.5279486860831579,6163.096680402455,0.4390910650593072,0.9030703022661559,False,False
1700.8742921352386,0.5277565430270301,6159.643963227971,0.28423397140865375,0.8197227740734125,False,False
1704.0092997550964,0.5275349130895403,6151.607921654981,0.32129312736540877,0.9975404107035591,False,False
1704.815102338791,0.5266640773084428,6149.223324410579,0.06399679622839738,1,False,False
1705.6846992969513,0.5264402439196905,6153.840240953793,0.1178443726899535,0.6955593860623613,False,False
1706.440928697586,0.5261986888779534,6151.811589929683,0.10154517341126688,0.6712921837101661,False,False
1707.9265069961548,0.5259886250231001,6150.84847569739,0.2388626992331493,0.9799089337035813,False,False
1712.2099850177765,0.525575964252154,6149.914440116878,0.003049313925704846,0.5302390062292652,False,False
1712.8746786117554,0.5243861093786027,6150.693325237505,0.16061126263789563,0.8933844068243377,False,False
1713.5554535388947,0.5242014724678463,6206.45812252458,0.44008015871916273,0.32901749803643837,False,False
1714.1409983634949,0.5240123683876461,6190.003409337262,0.3361865148165887,0.37259752507015453,False,False
1714.8843431472778,0.5238497165176603,6159.020320007142,0.4902066033639736,1,False,False
1715.7346348762512,0.5236432326502269,6154.631198453604,0.060479016419282564,0.2666006104529803,False,False
1716.5314819812775,0.5234070401721531,6151.0838945493815,0.12059371991363953,0.843657786109403,False,False
1717.4253902435303,0.5231856940189997,6150.747389360215,0.019618324170411903,0.3060217081395188,False,False
1718.084059715271,0.5229373854398727,6202.16998668632,0.44923683058251,0.4006843305519846,False,False
1718.681236743927,0.5227544223599964,6151.885189341219,0.31232062210751177,1,False,False
1719.3733491897583,0.5225885397195815,6149.309718143581,0.05337084853986203,0.763852320260833,False,True
1728.3125309944153,0.5223962877856361,6149.200902772059,0,1,False,True
1729.4676067829132,0.5199131802717845,6150.755530062759,0.09821295199710871,0.9698369128709943,False,False
1730.2056226730347,0.5195923256874084,6154.925000435555,0.24343046731524037,0.9096150667064395,False,False
1730.8251626491547,0.5193873202800751,6156.270888786146,0.1710518298203725,0.7492022009792381,False,False
1733.234932899475,0.5192152265045378,6148.958077999954,0.0037720929006020906,0.587938928396337,False,True
1734.3443036079407,0.5185458479324976,6149.997678356676,0.06905879078616622,0.7495645840575756,False,True
1734.9512486457825,0.5182376893361409,6151.0896280544675,0.38738820826179804,1,False,False
1742.0137116909027,0.5180690908432006,6148.972059572919,0,0.47237449917640995,False,True
1742.5747985839844,0.5161072982682122,6166.8404198966255,0.2979892382450085,0.7041703878634581,False,False
1743.1337497234344,0.515951437883907,6190.394141113173,0.30699604837558614,0.27173667422406744,False,False
1743.881599664688,0.5157961752017339,6198.830843679463,0.32621264177213455,0.1504678199778885,False,False
1744.4793906211853,0.5155884386433496,6207.399253308921,0.3976905752089124,0.2015295782102221,False,False
1745.2609131336212,0.5154223854674234,6155.309988597737,0.05085899106591759,0.03590035266418484,False,False
1745.7796239852905,0.5152052959468629,6168.136476571932,0.2605446704126079,0.6217174459637812,False,False
1746.5047769546509,0.5150612091355853,6154.685607971527,0.0643147744751006,0.2583403713853883,False,False
1747.1788523197174,0.514859778351254,6162.558812839276,0.1605546201669798,0.45301766989507447,False,False
1747.7251663208008,0.5146725355254279,6152.831524062996,0.041336198343704236,0.2056914211580575,False,False
1748.2862200737,0.5145207641522089,6171.359012599298,0.23991806628083495,0.5016674541777846,False,False
1749.0301642417908,0.5143649327754974,6155.847587397295,0.1215865303085893,0.6109592983932152,False,False
1749.5953307151794,0.5141582800944646,6160.42622543634,0.20369126013712216,0.7284064738249558,False,False
1750.1949985027313,0.514001291261779,6168.660010449795,0.5018809427090075,0.8780670200437823,False,False
1750.8892455101013,0.5138347166114383,6158.175304995077,0.08276817688332018,0.19706331727969262,False,False
1751.7771062850952,0.5136418698893652,6150.750862626341,0.06388687501197146,0.9152705961253036,False,False
1752.2676131725311,0.51339524269104,6153.948242141756,0.38585129025195203,0.9603440552631783,False,False
1752.7445282936096,0.5132589902480443,6203.185028280648,0.3607877240175014,0.21170322404586883,False,False
1753.2803139686584,0.5131265138255225,6169.645963846153,0.39181497109317137,0.7993069946667636,False,False
1753.8086411952972,0.5129776843388876,6183.093374820514,0.38928490101830504,0.5836836332277455,False,False
1754.4015138149261,0.5128309271732966,6150.166145390374,0.061040224545593665,0.6420908021266201,False,False
1755.015347480774,0.5126662401358286,6151.644897195331,0.05903032641240642,0.45468872763785106,False,False
1755.4895873069763,0.5124957304530673,6171.591695168287,0.4676484430070741,0.8148103916493884,False,False
1756.368463754654,0.5123639977640576,6148.325208529987,0.022945693347000515,0.7712181040918011,False,True
1763.0151584148407,0.5121198667420281,6149.9759111043795,0,0.2671933688692789,False,False
1763.5612344741821,0.5102735601531134,6150.783895899596,0.25539052986974303,1,False,False
1769.5847389698029,0.5101218734847175,6151.605649862945,0,0.3625370915498373,False,False
1777.0644743442535,0.5084486767318513,6149.918451832944,0,0.5288100082516214,False,True
1777.798012971878,0.5063709751764933,6212.946352248646,0.44332107988789377,0.1498725661892517,False,False
1778.4519147872925,0.5061672110027737,6190.493404606837,0.37170372542659974,0.483357990727263,False,False
1779.1520500183105,0.5059855737288793,6179.809628718919,0.3606417966888075,0.6225867857186758,False,False
1779.8777828216553,0.5057910911904441,6209.849418686804,0.4133865767724549,0.1827170305309342,False,False
1780.70565366745,0.5055894982814788,6208.861071475592,0.39925297874801435,0.16254290859567494,False,False
1781.4144868850708,0.505359534157647,6208.052766232516,0.4099944968293567,0.19063974414143292,False,False
1782.0269191265106,0.5051626368363697,6160.17727882108,0.3392506009426614,0.8436124461199224,False,False
1782.8044414520264,0.5049925167030758,6151.307349798912,0.11613424474016526,0.8593036288897542,False,False
1783.5510087013245,0.5047765378819571,6175.141892475718,0.160969234926372,0.08112053378667833,False,False
1784.0379929542542,0.5045691584878498,6158.9851914617175,0.18559265312228931,0.66633991885833,False,False
1784.988336801529,0.5044338853491677,6188.151111491111,0.2580503407339664,0.16620805140560246,False,False
1785.6254904270172,0.5041698993576897,6172.835612678892,0.40512522081199065,0.780150471194291,False,False
1786.2944869995117,0.5039929135640462,6166.695544944145,0.37980667103331,0.8054652512071803,False,False
1787.116993188858,0.5038070807854335,6175.470864302008,0.17853894678380794,0.13209940845876877,False,False
1788.0722801685333,0.5035786074399948,6155.879229282736,0.20365402999360513,0.8692920285650703,False,False
1788.7609372138977,0.5033132496145036,6194.628559544947,0.35493802206048586,0.32681101878541075,False,False
1789.6459383964539,0.5031219557921092,6214.239198206694,0.45475840979384824,0.13971655638730196,False,False
1790.2943613529205,0.5028761225276523,6168.7481415491275,0.12542837727636702,0.13118081532435166,False,False
1790.9941537380219,0.5026960046423806,6157.077233694388,0.3171357675517674,0.8993099295882339,False,False
1791.6544167995453,0.5025016172726948,6154.173333900971,0.19031022386027976,0.8979825810957359,False,False
1792.2891314029694,0.5023182114627627,6183.009685677104,0.28442353348301985,0.37843781647848174,False,False
1793.567197561264,0.5021419025129742,6149.619357031217,0.08098265346456646,0.9317418711031835,False,True
1794.9361016750336,0.5017868852615357,6154.808047477856,0.4426997435949742,0.988303319308193,False,False
1795.5998420715332,0.5014066325955921,6150.328271019853,0.34906135100600555,1,False,True
1796.1742358207703,0.5012222616540061,6181.610999655661,0.5890151856239738,0.8229670823239333,False,False
1796.7061457633972,0.5010627067089081,6166.347727115416,0.2524292779296223,0.6615481006770565,False,False
1798.0570001602173,0.5009149534172481,6163.109846046265,0.7107248098259156,0.9931555789123817,False,False
1809.1142718791962,0.5005397160847982,6149.366100049055,0,0.5134397876077681,False,True
1809.7946152687073,0.49746825350655455,6152.657561627721,0.057175374625908305,0.6348123650982171,False,False
1810.5325129032135,0.4972792681058248,6151.271026704029,0.023009395915837925,0.15027163244641722,False,False
1811.0820343494415,0.4970742964082294,6162.441741596505,0.24600947901436424,0.701370162936578,False,False
1811.7347242832184,0.49692165089978113,6158.341598472839,0.1308263314878245,0.5346414776903606,False,False
1812.324168920517,0.4967403480741712,6166.5122671378795,0.39594079274436766,0.8428469136086283,False,False
1812.9149007797241,0.49657661437988276,6171.973772952757,0.23407953710973226,0.48568879544012583,False,False
1818.4364836215973,0.4964125213358137,6149.90968098747,0.0006784482345306868,0.619639545298576,False,False
1819.1471371650696,0.4948787487215466,6160.219958659244,0.3248846802127394,0.8686910736989686,False,False
1819.7857992649078,0.49468134548929,6175.9245230430415,0.4314942860070048,0.7649894518229233,False,False
1820.4451382160187,0.4945039390193091,6181.807243700192,0.22521327689338214,0.21290778744566513,False,False
1820.9344460964203,0.4943207882510291,6168.985497677074,0.20098134565372827,0.4901847221968662,False,False
1821.3606684207916,0.49418487025631797,6178.914971349293,0.32931535546565466,0.5581295060397873,False,False
1821.9942064285278,0.4940664737754398,6155.492090563605,0.31001068133935533,0.9227844072479956,False,False
1822.4527184963226,0.49389049265119767,6164.79298910688,0.20241356043191058,0.5818086314787132,False,False
1822.8953247070312,0.49376312832037605,6184.781955765803,0.28767063186356057,0.36452210150091424,False,False
1823.572282075882,0.4936401810248693,6153.74448310994,0.1378251005976589,0.7261152140193441,False,False
1824.1642377376556,0.4934521383709378,6156.2750572044715,0.061824181664744064,0.2633404933185754,False,False
1824.7548961639404,0.49328770577907566,6154.296179259484,0.193533781917324,0.8202939713695163,False,False
1825.3038041591644,0.4931236279673047,6193.534377381036,0.2717416215976017,0.09976224583128135,False,False
1825.8152985572815,0.4929711594846513,6195.366771602696,0.2691432957611589,0.05264736161124606,False,False
1826.3720996379852,0.4928290780385335,6153.002699204784,0.14169241621941614,0.7512329193522236,False,True
1832.1869566440582,0.49267441213130947,6149.061366521152,0,0.407736226180906,False,True
1832.7064883708954,0.4910591743389765,6190.15395442491,0.41046586003785573,0.5284691151979132,False,False
1833.460788011551,0.4909148587120904,6190.995563067246,0.23357768334191278,0.016902165809354996,False,False
1834.0834422111511,0.49070533010694717,6219.237951067893,0.48266678789411144,0.13490266190234246,False,False
1842.3740816116333,0.49053237140178685,6159.076018327879,0.06351864111595346,0,False,False
1843.1374554634094,0.4882294155491723,6147.920923604809,0.09672906749828107,0.893463376022275,False,True
1843.9348735809326,0.4880173670583301,6149.384200747064,0.04050344530729939,1,False,False
1851.8726465702057,0.4877958626879586,6152.836608896238,0,1,False,False
1852.4893803596497,0.4855909257464939,6197.257130390851,0.5302187742946016,0.5938590275061959,False,False
1861.7943382263184,0.4854196110698912,6149.75304007702,0,1,False,False
1872.5507762432098,0.48283490081628166,6149.636562244289,0,0.45742671705872484,False,False
1873.250560760498,0.47984700096978083,6151.654022894511,0.1640282923211721,0.9327925288154705,False,False
1880.7888143062592,0.479652599758572,6150.66030367182,0,0.8516192358976263,False,False
1887.4563615322113,0.4775586565335591,6148.313984408169,0,0.7941076804021056,False,False
1888.0000143051147,0.4757065587573581,6159.266614053476,0.14976200488524116,0.5744242266373801,False,False
1895.0193810462952,0.475555545952585,6148.684859753581,0,1,False,False
1895.7542901039124,0.47360572159290315,6157.094549576647,0.14527658126401014,0.7299608061297951,False,False
1896.4999957084656,0.4734015803204642,6152.552904971786,0.30637471724714294,0.9608447472205852,False,False
1905.8449456691742,0.4731944399409824,6150.315004901561,0,1,False,False
1915.6484580039978,0.470598620639907,6149.197139642095,0,1,False,False
1926.7067251205444,0.46787542290157746,6149.420442950806,0,0.535941972258639,False,True
1927.5052485466003,0.4648036828305986,6151.575947145761,0.05583318401106305,0.5057067949258237,False,False
1928.3472878932953,0.46458186990684935,6161.956393308768,0.2066519072186404,0.6415419408872957,False,False
1929.5548679828644,0.46434796995586824,6168.397748039421,0.14018572196553092,0.14801349693659882,False,False
1930.2035796642303,0.46401253037982515,6205.859176675492,0.4003491315401908,0.2414970063966319,False,False
1930.9068427085876,0.4638323333528307,6194.010170817773,0.4074307541357234,0.46099198999376767,False,False
1932.0357830524445,0.4636369821098115,6153.091191313337,0.21562024052997944,0.9696264113006543,False,False
1933.242532491684,0.4633233877023061,6149.130148290691,0.10479648876824049,0.8993874774558206,False,True
1933.843158006668,0.46298818124665153,6191.060515182472,0.4168085837350631,0.5539070792664345,False,False
1934.4691638946533,0.46282133910391066,6197.942358078569,0.5240439776605768,0.5767611598061364,False,False
1944.4890842437744,0.4626474489106073,6149.157490120795,0,1,False,True
1952.0584421157837,0.45986413677533466,6148.477917691796,0.0015130549567540087,0.6013748146380634,False,True
1958.2309775352478,0.45776153888967297,6149.512022274738,0.03294355699323992,0.9866556930052943,False,False
1966.8036317825317,0.4560469444592794,6151.5686524765715,0,0.22477805334183126,False,False
1977.5754301548004,0.45366564591725667,6150.027165505865,0,0.24628923200585673,False,False
1978.2148988246918,0.4506734861267938,6153.038208497053,0.07728025948985333,0.6025220409861705,False,False
1978.809190750122,0.4504958548810747,6182.636284686945,0.37194654962108786,0.6054825569697961,False,False
1979.3441834449768,0.4503307746516334,6177.345710833832,0.2782125100728069,0.49494352978472317,False,False
1980.1444156169891,0.4501821646425459,6168.9239699832915,0.3591044464116325,0.7740001209243796,False,False
1996.7754266262054,0.44995987885528144,6149.125929734046,0,0.2675671289741873,False,True
1997.462200641632,0.4453401550981734,6159.448172210951,0.13157753816559312,0.4747846929189957,False,False
1998.1609244346619,0.44514938235282897,6184.221676319098,0.41618561077861127,0.6108273185018154,False,False
1999.0967056751251,0.4449552931388219,6200.56411252037,0.35977941474700836,0.22806745208248347,False,False
2000.0176239013672,0.44469535410404204,6216.886955212129,0.4209261756945341,0.028921873944003196,False,False
2015.8249943256378,0.4444395424922307,6151.815439445239,0.04427488796982207,0,False,False
2016.645735502243,0.44004860685931313,6202.360848785274,0.35560402228879223,0.16679675903960683,False,False
2017.914654493332,0.43982062306669023,6211.7990863177865,0.376089068882243,0.004531598843563522,False,False
2018.494310617447,0.4394681457016203,6180.873802785999,0.30636957398008263,0.48581258202675714,False,False
2019.2543935775757,0.4393071299129062,6174.125481089589,0.18110793108722817,0.2351092681897437,False,False
2020.0248131752014,0.439095995955997,6179.253685766673,0.20577082035407077,0.22268871764882278,False,False
2020.874362230301,0.43888199024730257,6207.034438881636,0.3520493697512576,0.05546119098581312,False,False
2021.6787638664246,0.4386460044648912,6164.505327814573,0.11437035921905578,0.19827938408288975,False,False
2030.5868570804596,0.4384225598971049,6154.645418950766,0.048332585220337315,0,False,False
2031.2322499752045,0.4359480896261003,6176.568372468625,0.295065114028191,0.5643865523692271,False,False
2051.5767543315887,0.43576881375577714,6200.098735253071,0.28847599812163727,0,False,False
2052.3644695281982,0.4301175629430347,6201.0341726415345,0.406300407406054,0.36103008824605304,False,False
2053.175351381302,0.4298987524376975,6149.640587970481,0.05304957907776689,0.5320907202346414,False,False
2054.034497499466,0.4296735064850913,6162.073284308272,0.12377173860828192,0.44034311295782175,False,False
2054.604517221451,0.42943485617637633,6183.292554737526,0.36917539864551446,0.5890103713357634,False,False
2055.299061536789,0.42927651690112223,6180.698451416923,0.3246030617235373,0.5237234877740864,False,False
2056.002807855606,0.42908358852068584,6157.725068052258,0.11274755683873887,0.5224572151554547,False,False
2056.844530105591,0.42888810263739696,6170.540570592342,0.14591665310260796,0.1554925061859591,False,False
2066.4770708084106,0.42865429136488176,6178.116720246105,0.164874447133567,0,False,False
2074.6383578777313,0.42597858534918887,6175.70527950044,0.13896967696040372,0,False,False
2075.19487285614,0.4237115607659022,6190.323373548328,0.38796187913383623,0.5252999777821203,False,False
2075.8735296726227,0.42355697400040093,6155.9112016164545,0.09628204030676976,0.3648628463610647,False,False
2076.4145913124084,0.4233684583504995,6189.975312273044,0.34538050836133954,0.39060372201664273,False,False
2084.2450711727142,0.4232181628545125,6183.995843812736,0.19658126644557683,0,False,False
2084.9106590747833,0.42104302942752836,6191.121118559106,0.24891649234167754,0.10908727885974054,False,False
2092.06485247612,0.42085813985930554,6160.16461334604,0.07259539804586845,0,False,False
2092.6012003421783,0.418870868285497,6188.561835019299,0.3896950788237272,0.5055039398884745,False,False
2093.3356261253357,0.4187218821048737,6207.070897870186,0.38969092679861056,0.12361700790823207,False,False
2093.900693655014,0.4185178759362963,6204.3646267690465,0.34828069270400974,0.09342619918523035,False,False
2094.370409488678,0.4183609105481042,6181.011067754172,0.3699109891887179,0.5964530571459637,False,False
2100.301838874817,0.4182304363780551,6152.879330775473,0.04948849244085939,0,False,False
2101.2090022563934,0.4165828146537145,6215.926465865447,0.4158395476498824,0.013616147499369402,False,False
2101.833100795746,0.41633082535531785,6179.463579306227,0.24180951144525478,0.3350306028046702,False,False
2102.4680466651917,0.4161574662393994,6152.939972316772,0.07177076136425266,0.6784841166831863,False,False
2103.088432788849,0.4159810920556386,6189.280046676035,0.2955856135311933,0.26858500718278466,False,False
2103.6727533340454,0.4158087631728914,6172.089282401832,0.24048489205741297,0.548251954965016,False,False
2104.173002719879,0.4156464515791999,6183.50698984815,0.2169643817947001,0.13171472249676283,False,False
2104.8693640232086,0.415507493548923,6195.492982564702,0.26573287063881895,0.038144950284560386,False,False
2105.4279057979584,0.41531405866146087,6192.6286470664345,0.29685275435457453,0.21433635153943778,False,False
2106.0344536304474,0.41515890876452133,6153.201233762721,0.05584263543508573,0.20010804427638657,False,False
2111.9345049858093,0.4149904235866335,6175.753781803063,0.16022035275995086,0,False,False
2123.7749009132385,0.4133515206310484,6183.293265866798,0.1938672560194496,0,False,False
2136.1085662841797,0.410062521563636,6204.332127049305,0.3236496311983534,0,False,False
2137.407846212387,0.4066364612181982,6180.850782728414,0.18862408553467602,0.17261968163326813,False,False
2137.9475495815277,0.40627559264500934,6173.454456729267,0.2919067351279266,0.5952709273799397,False,False
2144.9406292438507,0.40612567464510596,6163.938490123315,0.09329836638709026,0,False,False
2145.796975374222,0.40418315264913773,6213.512120108832,0.39523033476528163,0.007861703047965685,False,False
2146.57514500618,0.40394527872403463,6164.9213442275095,0.12544355960767808,0.27019006664656015,False,False
2147.634304046631,0.40372910367117987,6172.863257901225,0.19657144015037908,0.3287278808958665,False,False
2148.269448518753,0.4034349094496833,6151.26733972544,0.043603570543727474,0.3122637414973218,False,False
2148.903494119644,0.4032584807607863,6151.348555184968,0.07032694810306116,0.5741432331546394,False,False
2149.85910487175,0.40308235420121086,6165.150944359066,0.11025396298067675,0.06959020496895862,False,False
2150.506111383438,0.40281690882311927,6199.065600237949,0.365950849731277,0.25735343621327994,False,False
2151.0673785209656,0.4026371852556865,6195.20772215232,0.35926519916811533,0.35420730881050216,False,False
2151.9344210624695,0.40248127784993915,6158.9306195949075,0.07613005772883868,0.15513591755927758,False,False
2152.7755291461945,0.4022404324346118,6195.094405002486,0.2997460833605398,0.164781292332851,False,False
2153.564851999283,0.4020067912340164,6169.122490516235,0.1563431946128037,0.32145766282060173,False,False
2154.787219762802,0.4017875355482101,6149.528459515473,0.012235495988906959,0.17161544104987175,False,False
2162.551831007004,0.4014479885498683,6209.025372078584,0.3467901523526905,0,False,False
2163.3846759796143,0.3992911518944634,6204.470109208246,0.3707043430275384,0.15375575755519516,False,False
2164.0150401592255,0.39905980606873825,6170.289391856087,0.30476398332840743,0.6617762587078987,False,False
2165.339903116226,0.3988847047752804,6149.3082883254965,0.013321218278974895,0.10442877886608415,False,True
2176.801019191742,0.3985166892078188,6148.511064400442,0,0.06275847893992037,False,True
2177.605094432831,0.39533304578728146,6183.854178684987,0.21273329798687074,0.12091718358909338,False,False
2188.508378505707,0.39510969016287056,6191.7835403637955,0.2387217621969195,0,False,False
2199.7410640716553,0.39208100001017254,6197.508991555936,0.2769800824558815,0,False,False
2210.0746717453003,0.3889608096414142,6150.591023530638,0.023223797590146363,0,False,False
2211.0163547992706,0.3860903627342648,6192.872272380001,0.32690540888547975,0.27654007001405645,False,False
2211.7008616924286,0.38582878371079765,6202.318111573124,0.3708484227942775,0.215485581077365,False,False
2212.5571870803833,0.3856386425097783,6158.5351436785595,0.08974281041268203,0.3856953396518739,False,False
2213.754375934601,0.3854007732205921,6201.938221090406,0.34045138437913,0.10929292684348385,False,False
2214.574909925461,0.38506822288036346,6187.247606235944,0.2504990348152004,0.19448573169069505,False,False
2226.753814935684,0.3848402963081996,6163.606846625272,0.08807632071143029,0,False,False
2227.530982732773,0.3814572679334217,6193.186937215685,0.3094883364120888,0.2623651613258573,False,False
2235.604691028595,0.38124138772487637,6161.278624905737,0.07467388333253645,0,False,False
2236.374345779419,0.3789986905124453,6159.687901975416,0.08403312251139645,0.2075101418605477,False,False
2243.620495080948,0.3787848977247874,6198.964941676266,0.27715628678375653,0,False,False
2244.330220937729,0.376772079401546,6198.603933727443,0.32183762138008853,0.1700423247486275,False,False
2244.9814627170563,0.3765749326017168,6206.932802042572,0.36924432674780683,0.15209122233935207,False,False
2245.465495109558,0.3763940325048235,6193.905423985794,0.32612018365064144,0.26681670449307876,False,False
2252.0448265075684,0.37625957879755234,6147.988526918931,0.00045985543876670006,0,False,True
2252.4992895126343,0.3744319862789578,6198.855272092127,0.34518501263913376,0.21529251193077897,False,False
2253.0758385658264,0.3743057466215558,6205.418633156014,0.3414122251648946,0.03770299173031371,False,False
2253.7305974960327,0.3741455945703719,6161.880546591414,0.11757648535332364,0.24752071643913787,False,False
2254.260264158249,0.37396371728844113,6189.984966179022,0.28889991828527417,0.2931366048027193,False,False
2263.5244483947754,0.3738165879249573,6150.797645899337,0,0.060047889801189844,False,False
2264.5750963687897,0.37124320328235627,6175.753689611931,0.17065052383958285,0.11771747338944728,False,False
2265.6646704673767,0.37095135589440664,6178.825262281295,0.2444190072085291,0.3564121583329311,False,False
2266.8754076957703,0.3706486967537138,6159.210345872789,0.09940794754650331,0.1922955287715934,False,False
2268.0463552474976,0.37031238085693785,6152.940544688374,0.05457142494540209,0.24602413229123796,False,False
2269.366372346878,0.36998711744944257,6205.153681983524,0.3631659082914754,0.13712981793776988,False,False
2270.601574420929,0.3696204460991753,6191.233836321467,0.32463238421099444,0.3298769147472989,False,False
2271.3941950798035,0.36927733381589256,6149.490178339069,0.015183309033442978,0.08557654769992233,False,False
2272.896417617798,0.3690571618742413,6162.1080347123325,0.12557039857649724,0.348907867209987,False,False
2286.785582780838,0.3686398779683643,6149.605523401102,0,0.1741115954978444,False,False
2288.1836194992065,0.3647817754745484,6183.64173946709,0.21843501906839816,0.15427613786946448,False,False
2289.164766550064,0.36439343326621587,6160.721104877693,0.12175285504778834,0.3583226101589962,False,False
2307.4730501174927,0.36412089241875545,6151.182290551949,0,0.31801874739845176,False,False
2308.4233462810516,0.3590352575646506,6164.707827792902,0.11959521381040296,0.2039079374181475,False,False
2309.2462265491486,0.3587712870703803,6180.796843701054,0.19754269717134848,0.1083077920101583,False,False
2310.4405930042267,0.3585427091519038,6195.045319101451,0.26892496642442854,0.05333517525945217,False,False
2312.094804048538,0.35821094022856814,6157.026386100527,0.07564645502004563,0.24774813115552544,False,False
2323.8076496124268,0.35775143735938597,6148.222092659623,0,0.21297287256079023,False,False
2333.138785123825,0.3544978695445591,6150.1695036705005,0,0.1462733292070277,False,False
2334.1826164722443,0.3519058874580595,6152.195117854807,0.04704069024561172,0.1993740625754997,False,False
2347.737021446228,0.35161593311362793,6150.432313007245,0,0.17978536312164767,False,False
2362.284712076187,0.34785082154803804,6148.934186507149,0,0.1032059508911663,False,False
2378.3141775131226,0.3438097962405946,6149.278455111778,0,0.03217782909951969,False,False
2379.004139661789,0.33935716688632966,6156.56714356897,0.09000482443705916,0.2960291499082997,False,False
2388.2283656597137,0.3391655110650592,6151.743302758719,0,0.13935173205749185,False,False
2398.924956560135,0.33660322619809047,6150.831412545458,0,0.0388180309254527,False,False
2399.5307743549347,0.3336319499545627,6196.9445916292925,0.3232866533779551,0.1712423433528485,False,False
2408.3719160556793,0.33346366743246714,6147.924124901381,0,0.32221885839651065,False,True
2409.0981907844543,0.3310077969233195,6155.393586512943,0.07450278884605938,0.41594839017865165,False,False
2410.4736976623535,0.3308060526847839,6159.09257104833,0.11497819433165277,0.40357114061390986,False,False
2411.3846282958984,0.33042396710978617,6175.784771471077,0.1684815237653817,0.1378898171172604,False,False
2412.9835228919983,0.3301709305577808,6180.6102777415435,0.202107987640302,0.16194285271648698,False,False
2413.817322731018,0.32972679363356694,6168.269458742592,0.2619034503405238,0.6223609317943519,False,False
2414.6243047714233,0.3294951825671726,6166.183706006452,0.11111827548172719,0.07299055853922617,False,False
2415.548825263977,0.32927102062437275,6154.567512834741,0.09027718436187829,0.4250968380948032,False,False
2416.2950627803802,0.32901420977380536,6186.389659134706,0.31373451434469973,0.39196874566204976,False,False
2417.5103607177734,0.32880692071384854,6162.377154148113,0.10954148256945014,0.1982080808315441,False,False
2418.2844479084015,0.3284693378872342,6166.006477797559,0.24434641890915493,0.6476235364904601,False,False
2419.6144876480103,0.32825431333647836,6177.319848274348,0.20954974974234988,0.2671237484903875,False,False
2420.4144587516785,0.3278848586479822,6175.226233779037,0.2474650742517461,0.45301160206854263,False,False
2421.284611940384,0.32766264471742845,6181.070773495061,0.26573777719098834,0.388699549813705,False,False
2422.3972210884094,0.32742080317603217,6196.60050982095,0.2803100612412659,0.05708589316857554,False,False
2423.779932498932,0.32711187700430555,6173.671219190086,