17.511818408966064,0.9973749530315399,4.703960874531398,8,5,0,False,True
27.636398315429688,0.9951356011629104,4.430257379952058,5,18,0.7605340489272869,True,True
36.304142236709595,0.9923232185178333,4.394729076811077,17,20,1,True,True
48.12275266647339,0.9899155119392606,4.476300433790245,20,5,0.29554920947603924,False,True
62.50079607963562,0.9866325638029311,4.600930314692666,5,15,1,False,True
75.68716382980347,0.9826386625899209,4.356434796773458,10,12,0.5947388604313957,True,True
84.3198573589325,0.9789757842487758,4.476866402901881,5,20,0,False,True
89.38015079498291,0.9765778125656975,4.617213407097364,15,6,0.4095729293541666,False,True
95.3995943069458,0.9751721770233578,4.62595372583308,5,5,0.8623439099862843,False,True
101.41434836387634,0.9735001089175542,4.505450373576044,20,20,1,False,True
108.35601663589478,0.9718293430407842,4.516398086682689,7,7,0.9149824438215065,False,True
114.50047159194946,0.9699011029799779,4.426031040329336,18,6,0.8203157563959935,False,True
120.56491875648499,0.9681943086783091,4.4776398374789155,14,5,0.5251490779512336,False,True
127.31714987754822,0.966509740948677,4.4963902128581115,20,18,0.18713399111548495,False,False
133.29211854934692,0.964634120133188,4.445948600148308,20,11,0.2967988096841881,False,True
139.2984209060669,0.9629744078053368,4.37860968402236,10,20,0.22829474222835183,False,True
145.64356756210327,0.961305990682708,4.5162084230510064,13,5,0.8627146033076065,False,True
152.84638929367065,0.9595434473620521,4.37403729837128,20,7,0.348587099312222,False,True
160.24564123153687,0.9575426656007767,4.519245061130615,18,5,0.6019012385219518,False,True
167.55096530914307,0.955487317972713,4.420017978500944,19,12,0,False,True
174.13578343391418,0.9534578206804064,4.673133933672869,5,9,0.7451576501754269,False,True
181.66292881965637,0.9516289458009932,4.535030411198523,20,5,1,False,True
188.2873649597168,0.9495380708244112,4.414410717535133,18,10,0.326812944851677,False,True
194.72398138046265,0.9476979431178835,4.443000841138181,7,20,0.18795218517834045,False,True
200.46434831619263,0.9459100017944971,4.805516314004273,5,10,0,False,True
207.48595333099365,0.9443154540989134,4.474754234034127,11,5,0.3821547459668898,False,True
213.167973279953,0.9423650094535616,5.092322418205921,5,9,0.5180510122282702,False,False
220.4031023979187,0.9407866691880756,4.291282552267698,20,16,0.23597115881079045,True,True
226.27740478515625,0.9387769128216638,4.5243269984116,9,5,0.28438519206333707,False,True
232.05890417099,0.937145161430041,4.672324604697586,5,6,0,False,True
237.56734538078308,0.9355391883850097,4.457731466444263,10,13,0.04632262834280232,False,True
243.19329619407654,0.9340090672837363,4.524557848718565,5,20,0,False,True
248.51213765144348,0.9324463019768396,4.404593804452987,20,14,0.9032619598064432,False,True
255.2381420135498,0.9309688458840052,4.570983963640808,14,5,1,False,False
262.0365324020386,0.9291005112727483,4.475811700975603,14,10,0.5781716965280139,False,True
268.3495671749115,0.9272120700279871,5.169298729269899,5,6,0.24959694134811827,False,False
278.22791838645935,0.925458447072241,4.421609296447764,15,19,0.735143997866153,False,True
288.5717086791992,0.9227144630087747,4.4168577397681315,5,13,1,False,True
294.564334154129,0.9198411859406366,4.420142258011614,20,5,0.5619459640261901,False,True
301.7540910243988,0.9181765698724322,4.584706902214781,5,20,0,False,True
308.77266550064087,0.9161794140603807,4.686145065202348,13,6,0.6130773470308585,False,True
318.0993857383728,0.9142298110988405,4.438531224771722,20,16,0.38347742533098117,False,True
324.90870094299316,0.911639055609703,4.458424586414762,14,5,0,False,True
331.31517934799194,0.9097475782367919,4.4825458194560515,5,12,0.5141000434860925,False,True
337.0636191368103,0.9079680018292533,4.376327863213852,19,6,0.7158083099978405,False,True
342.9555358886719,0.9063712133301629,4.415698532195235,20,5,0.506642857307962,False,True
350.5340566635132,0.9047345694568422,4.37892988203911,16,20,0.1486028210572809,False,True
356.1652066707611,0.9026294249958462,4.460215888272282,13,15,0,False,False
362.0319426059723,0.901065215335952,4.477597672141455,20,19,0.6216566337507681,False,True
369.04698395729065,0.8994355654716492,4.413302014715429,18,20,0.641390115757939,False,True
374.40931701660156,0.8974869443972906,4.425619421304146,20,9,0,False,True
381.32714796066284,0.8959974069727792,4.65313054735857,5,19,0.5241325124252079,False,True
387.82004952430725,0.8940757883257336,4.441170301123323,10,12,1,False,True
395.36541199684143,0.8922722038957808,4.4631265118559815,7,20,0.2348501478794005,False,True
401.99307203292847,0.8901762706041336,4.5094677374532735,11,16,0,False,True
407.5000386238098,0.8883352075020472,4.511861931857709,14,20,0.6146900534952369,False,True
414.5903277397156,0.8868055415153504,4.4569338612629625,16,10,0,False,True
420.2683825492859,0.8848360149065654,4.530051774497496,20,20,0.12313124477443733,False,True
427.08538126945496,0.8832587789826923,4.447566742738056,11,14,0.6055069107153294,False,True
433.0147807598114,0.8813651684919993,4.665689845049579,5,18,0.5749478000374864,False,True
437.5538156032562,0.8797181128131019,4.410725757240576,10,9,0.5224850253583125,False,True
444.0550262928009,0.8784572699334886,4.472810414770414,18,11,0.5895305177207231,False,True
450.36969542503357,0.876651377942827,4.348972319695102,9,20,1,False,True
455.9280467033386,0.8748973022566902,4.663670816019474,5,8,0.4286124751780488,False,False
460.7277796268463,0.87335331539313,4.445761983210227,20,16,0.3542628558148512,False,True
465.21299386024475,0.8720200576384862,4.635075762002279,12,7,1,False,True
471.3287134170532,0.8707741634713279,4.498780233303939,5,5,0.5241167132592179,False,True
477.91788721084595,0.869075353940328,4.478786120827375,15,19,0.26674856378020106,False,True
483.8682210445404,0.8672450278202692,4.439000394824087,5,20,0.9066844301967959,False,True
489.9592635631561,0.8655921572446823,4.424397114214083,11,10,1,False,True
495.3704078197479,0.8639002000623279,4.504258063412626,9,13,0.5075534065899043,False,True
500.89696621894836,0.862397105163998,4.4761200199315585,18,5,0.730305310110389,False,True
505.54945707321167,0.8608619502517912,4.429339032236237,20,13,0.4970739773694348,False,True
511.366251707077,0.8595695916811625,4.426199425189241,16,5,0.49475971621132364,False,True
518.9296410083771,0.857953814930386,4.43828087714959,18,17,0.6273068335660522,False,True
524.4552049636841,0.8558528739213943,4.502115741764873,16,5,0,False,True
530.8923151493073,0.8543179935879177,4.463785666783272,20,14,0.1944279059114957,False,True
537.1536364555359,0.8525299088822471,4.400442298982338,11,5,0,False,True
541.8757991790771,0.8507906517055299,4.46883286458225,20,12,0.6835249427752876,False,True
547.7717578411102,0.849478941294882,4.3924863163821195,15,20,1,False,True
552.454882144928,0.8478411725494597,4.444410553190339,20,5,0.21037666695808377,False,True
559.675564289093,0.8465403068065643,4.465506445010919,15,20,0.21266080373725105,False,True
565.9077610969543,0.8445345618327459,4.4364613144590725,20,5,0,False,True
570.9417288303375,0.8428033950593736,4.468973677182758,8,14,0.6706309103937103,False,True
577.7170045375824,0.8414050714174907,4.566765244867612,9,20,1,False,True
582.9260764122009,0.8395230497254266,4.455657992804578,5,14,0.9969408173454155,False,True
589.0754313468933,0.8380760860443115,4.417771802917381,14,5,0.7818357436357322,False,True
596.0074727535248,0.8363679313659668,4.376663895362709,20,16,0.37478481064703284,False,True
602.0643146038055,0.834442364970843,4.458777390199811,13,10,0.2456550355887327,False,True
608.393052816391,0.8327599092986848,4.600432810824204,5,15,0.6126065650133787,False,True
615.0563950538635,0.8310019257333543,4.446363369630059,19,5,0.8024912228146427,False,True
621.7196869850159,0.8291509968704648,4.436770775614416,16,8,1,False,True
628.1549456119537,0.8273000722461277,4.549670685014311,6,5,0.18172422768291752,False,True
635.4522454738617,0.8255125114652846,4.4688041233991616,15,20,0.5577386880729486,False,True
641.6762056350708,0.8234854837920931,4.400787607339275,20,12,0.45795585240497383,False,True
648.5715734958649,0.8217566057708529,4.45147252591089,10,16,0,False,True
655.0973114967346,0.8198412003782061,4.647674753129429,5,17,0.31559898200897213,False,True
659.4948081970215,0.8180285206105974,4.470985724463231,20,9,0,False,True
664.8387656211853,0.8168069928884506,4.666180949662836,14,5,0.7129255784393111,False,True
670.6719717979431,0.8153225609991286,4.478875824417871,18,17,1,False,True
677.0450522899628,0.8137022236320708,4.510763843235969,11,13,0.6977982171082151,False,True
683.0053670406342,0.8119319264756308,4.419143349439493,20,16,1,False,True
690.1865680217743,0.8102762820323308,4.4974589017201225,5,18,0.3937358427552121,False,True
695.9471728801727,0.8082815049091975,4.343208107330186,9,20,1,False,True
701.3785312175751,0.8066813359657923,4.523546591880525,9,6,0.39614254820915584,False,False
706.5590100288391,0.8051726254489686,4.485878777629982,5,17,0.3990453397390663,False,True
712.4656274318695,0.8037336044841342,4.662098775850116,11,10,0,False,True
718.7137444019318,0.8020928766992357,4.464949753288875,14,5,0.7039275733067891,False,True
725.5705952644348,0.8003572897778617,4.458904009322209,6,18,1,False,True
730.5655663013458,0.7984526076581743,4.489779988432791,15,20,0.4671181214450163,False,True
736.7041985988617,0.7970651168293423,4.310807385583825,6,19,0.9763454357291272,False,True
741.770120382309,0.7953599410586887,4.458162545410626,15,20,0.25364840438639735,False,False
748.9283528327942,0.7939527397685581,4.51138325321017,5,20,0.8142709629268116,False,True
757.3268947601318,0.7919643429915111,4.557254582301309,13,5,0.9916273619253124,False,True
763.3090131282806,0.7896314144796795,4.39810334658879,13,13,1,False,True
767.5597863197327,0.7879697137408787,4.4377398012329605,13,20,0.8964618656465244,False,True
774.8613016605377,0.7867889435423745,4.74616220680581,5,9,0.9461906794546386,False,True
780.8959481716156,0.7847607458962335,4.528603204929946,18,7,1,False,True
787.4347035884857,0.7830844541390737,4.657303377996456,19,5,0.3718818836106148,False,False
793.4238057136536,0.7812681319316228,4.476350209533114,14,5,0.6604663052449258,False,True
799.200404882431,0.7796044944392311,4.432529498484955,16,11,1,False,True
805.6150732040405,0.7779998828967413,4.433201898311088,20,14,0.22385568026635727,False,True
810.8142058849335,0.7762180307176378,4.458124293711064,12,14,0.2523333986369698,False,True
815.2547948360443,0.7747738282548057,4.586658303491065,12,20,0,False,False
821.5299792289734,0.7735403295358022,4.5006864131444155,8,15,0,False,True
827.4501242637634,0.7717972233560351,4.50559880774731,5,15,0.6213536886030386,False,True
833.0724387168884,0.7701527397500144,4.5954001672158595,11,5,0.19656414533616584,False,True
838.6394274234772,0.7685909855365753,4.61149679954706,11,9,0,False,True
845.296266078949,0.767044598725107,4.627816780730926,5,16,0.20144002828492955,False,True
851.4288032054901,0.7651954782009125,4.464512766912585,17,5,0,False,True
857.4462490081787,0.7634919943412145,4.382443686304002,20,15,0.10261749048756917,False,True
862.8841028213501,0.7618204828765658,4.487341651642287,17,5,0,False,True
868.5884783267975,0.7603099664052327,4.770569931648313,6,6,0.5695199096377832,False,False
875.3499042987823,0.7587254187133577,4.480339906852125,12,9,0.5230699638525673,False,True
881.0593528747559,0.7568472452296151,4.489613417551662,5,20,0.3252817389465093,False,True
886.8961493968964,0.7552612867620256,4.438970903846256,9,14,0.9317749040320973,False,True
892.7845888137817,0.7536399549908108,4.428046432851994,9,11,1,False,True
898.3862664699554,0.752004276447826,4.525100634535962,8,18,0.6000474590563245,False,True
904.5000972747803,0.75044825580385,4.504223593017281,5,13,0.051264876347928534,False,True
911.011072397232,0.7487499684095382,4.471466866387614,9,20,0.6151588527952686,False,True
917.8916954994202,0.746941364672449,4.496717735923322,5,19,0.9774664831972291,False,True
923.7304308414459,0.7450299382209777,4.496619941582786,12,20,1,False,True
930.5915064811707,0.7434082092179193,4.607243886792574,8,6,0.5237119011662348,False,True
937.0529186725616,0.7415023556020525,4.437596156390223,10,16,0.7363572508591691,False,True
942.2938950061798,0.7397075188159943,4.433741511887757,10,20,0.20501162720166366,False,True
949.1995625495911,0.7382516920566559,4.741069106890587,8,9,0.8119576229102252,False,True
955.0651798248291,0.7363334512048297,4.454169189884143,12,5,0.9957213655826344,False,True
961.0087051391602,0.7347041131390466,4.4830807258284135,9,9,1,False,True
967.4603135585785,0.733053132891655,4.4161565755144165,16,10,0.9144953936337029,False,True
974.6000635623932,0.7312610201040903,4.3665653172202905,8,7,1,False,True
982.6407742500305,0.729277754690912,4.457441058983337,5,16,0.41125100432778394,False,True
988.2636523246765,0.7270442256662581,4.46459377153295,7,14,0.5541345758200553,False,True
994.1457831859589,0.7254823150237402,4.612491448381639,5,12,0,False,True
1000.2510938644409,0.723848388923539,4.779628848967883,6,9,0.18455420106365794,False,True
1006.948872089386,0.7221524700191286,4.60837712432067,5,6,0.7718412472457475,False,True
1012.2663953304291,0.7202919760015276,4.4819285870116,15,19,0.8443160354500648,False,True
1017.6882333755493,0.7188148862785764,4.398110172783079,13,20,0.7983116990656035,False,True
1023.1086037158966,0.7173088202211593,4.446937740114679,12,10,1,False,True
1028.2161359786987,0.7158031614621481,4.71035865144605,6,5,0.9708804309047291,False,False
1034.4420456886292,0.7143844016393026,4.564085639855338,11,9,0.44235772526678196,False,False
1040.746993303299,0.7126549821429782,4.6946440679127495,5,20,0.3982782409040462,False,True
1047.4892995357513,0.7109036082691617,4.467568944551325,13,16,0,False,True
1054.53325009346,0.7090307448307673,4.412930145070977,20,20,0.5572097343199703,False,True
1060.9056644439697,0.7070740934875277,4.853086985695681,7,8,0.12413007364216189,False,True
1067.4578838348389,0.7053039784563913,8.37264409968708,5,5,0.044725265649678034,False,False
1073.7276847362518,0.7034839161899356,4.539786105874842,15,5,0.3492792843752157,False,True
1081.0914797782898,0.7017423060205248,4.540614659912531,20,8,0.24285629282741383,False,True
1088.0715246200562,0.699696807662646,4.612303286312441,13,5,0.34928262578752345,False,True
1093.9000685214996,0.6977579057878918,4.5523950687265025,6,15,0.9693827852893072,False,True
1100.0880930423737,0.6961388657490413,4.492026773927552,5,10,0.6502220489319264,False,True
1106.3527483940125,0.6944199699163437,4.546668516920292,7,5,1,False,True
1112.682508468628,0.692679786880811,4.622155771419173,5,9,0.46437638447574825,False,True
1118.3285043239594,0.6909215218491025,4.734713566195513,5,7,0.24425101488521492,False,False
1124.470364332199,0.6893531883425184,4.403250813070976,16,14,0.06651933058282311,False,True
1131.083408355713,0.6876471177736918,4.517552477717148,5,5,0.5051823232638404,False,False
1137.2343893051147,0.6858101593785816,4.564151818418621,5,20,0,False,True
1143.8711106777191,0.6841015538242128,4.535671449752007,14,8,0.02474357789760638,False,True
1151.609293937683,0.6822580213679208,4.405911417126434,20,5,0.2604711453791297,False,True
1157.6229643821716,0.6801085256205665,4.424692106857254,16,15,0.8623023699683541,False,True
1163.516226530075,0.6784380617406633,4.487340089782542,20,7,1,False,True
1170.6436007022858,0.6768010437488556,4.558879996811186,11,5,0.8773873191025479,False,True
1177.781581401825,0.6748212181859546,4.602575792745487,5,17,0.7014676529409842,False,True
1183.802430152893,0.6728384461667802,4.605861304109014,16,13,0.5010969513378267,False,True
1190.2311284542084,0.671165987584326,4.485493461326238,13,11,0.10079333255368611,False,True
1196.3260560035706,0.6693802385860019,4.736791821495761,6,8,0.6260204710924315,False,False
1202.7195086479187,0.6676872018973032,4.470020210581026,12,14,0.3489760336732347,False,True
1208.716724395752,0.6659112434917026,4.720453108854122,5,9,0.7449862141378885,False,True
1216.2246108055115,0.6642453508244621,4.499436005583226,7,16,0.4542672904320078,False,True
1223.4150667190552,0.6621598237752915,4.600781793748422,9,5,0,False,True
1229.8583736419678,0.6601624764998754,4.740954577275245,5,5,0.3800320943721697,False,True
1235.1659016609192,0.6583726698160172,4.523955875151948,17,15,0.7261425880601798,False,True
1239.0970470905304,0.656898356742329,4.432875130970862,12,14,0.330578574849181,False,True
1243.993092060089,0.6558063520987829,4.491461419440127,8,10,0.8469235263700428,False,True
1249.6832327842712,0.6544463594092262,4.640042972630141,5,10,1,False,True
1255.773407459259,0.6528657635715273,4.443736548217501,16,17,0.8644965850269652,False,True
1261.344617843628,0.6511740491787592,4.471571140354871,10,20,0.34773828230879633,False,False
1267.2436316013336,0.6496264899439281,4.626131572235414,6,10,1,False,False
1271.5147948265076,0.64798787481255,4.386156945353732,11,15,1,False,True
1277.9617388248444,0.6468014412456089,4.486099182906054,5,20,0.3989060089170573,False,True
1284.0008563995361,0.6450106241967943,4.447460251094604,14,13,0.34026703539071496,False,True
1290.145437002182,0.6433330908086565,4.537111759945967,5,11,0.5169013521671726,False,True
1296.7660222053528,0.6416262635257509,4.507937941377766,16,5,0,False,True
1301.9787850379944,0.6397872113519245,4.437351690822971,20,7,0.05122994370270118,False,True
1307.22194647789,0.6383392228682836,4.502404586187252,14,5,0.4439182279261025,False,True
1312.727501630783,0.6368827876117494,4.4139588225536945,14,17,0,False,True
1317.972178697586,0.635353467464447,4.865417124116776,5,9,0.1763609316358817,False,True
1323.9652736186981,0.6338966133859423,4.452452553216918,7,9,0,False,True
1329.9190940856934,0.6322318630748325,4.602819999214001,7,12,0.5532782596905419,False,True
1335.4999811649323,0.6305780249171786,4.4725608580492935,6,13,0.5110402379574833,False,True
1341.4416766166687,0.6290277790360981,4.710211278227954,13,7,0,False,True
1347.3310742378235,0.6273773072825537,4.647468134919629,5,5,0.056336532562117285,False,True
1353.4436521530151,0.6257413631015354,4.456428855869871,15,12,0.13698978179108512,False,True
1360.5347204208374,0.6240434261163076,4.569029429679862,20,6,0,False,True
1367.0386142730713,0.6220736840698454,4.493115144801913,9,14,0.07603756614505214,False,True
1373.2948083877563,0.6202670480145349,4.585659036535086,9,17,0,False,True
1378.3528821468353,0.6185292155212826,4.610542609942162,10,19,0.4257657876528504,False,True
1384.459644794464,0.6171241952313318,4.598537988998391,5,14,0,False,True
1390.5425810813904,0.6154278719425201,4.562074154517282,11,13,0.2679892851795639,False,True
1396.155333518982,0.613738167948193,4.429897736298289,20,13,0,False,True
1401.7705991268158,0.6121790696514977,4.550357499745562,8,7,0.12917718798806785,False,False
1407.7079484462738,0.610619269212087,4.426144597831432,15,20,0.3374952079653661,False,True
1414.7384099960327,0.6089700105455187,4.412307455442115,13,11,0.3720549068419063,False,True
1420.6062633991241,0.607017104824384,4.413317918523683,5,17,0.5999870488923172,False,True
1426.7512950897217,0.6053871453470654,4.335302486768888,11,9,0.7510731455355606,False,True
1431.135752439499,0.6036801924970414,4.394826517157875,5,17,0.770853872771927,False,True
1437.9762992858887,0.6024622871478398,4.366287175263846,12,20,1,False,True
1446.4769184589386,0.6005621345175638,4.413811358754452,15,15,0.5700161280170766,False,True
1452.766021490097,0.5982008523411221,4.625589478072966,17,7,0.5368375407755521,False,False
1459.0202395915985,0.5964538781510459,4.439184540495388,12,12,1,False,True
1465.2229504585266,0.5947165955437554,4.569913138631501,20,5,0.744424669601792,False,True
1471.821180820465,0.5929936210314433,4.4477550474754874,10,14,0.6457733441703375,False,True
1477.125360250473,0.5911607795291477,4.452564485809671,12,15,0.996497821805438,False,True
1482.789056301117,0.5896873962216906,4.510430113896729,10,7,0.9860079832273063,False,True
1488.9801137447357,0.5881141474511888,4.608611046815161,5,17,0.8617641895193632,False,True
1494.7169256210327,0.5863944091399511,4.436074394201354,6,10,0.5272509039804488,False,True
1500.4871048927307,0.5848008479012383,4.669579928495649,5,11,0.2185691923029553,False,True
1507.9971718788147,0.5831980227099525,4.497524065867228,14,9,0,False,True
1514.2966089248657,0.5811118921306397,4.446308631257168,11,9,0.3771718709098818,False,True
1521.262041568756,0.5793620493676928,4.602643657084371,5,15,0.7149863518424976,False,True
1528.576823234558,0.5774272068341573,4.56341040024129,6,16,0.5866830827453582,False,True
1536.0693988800049,0.5753953235016929,4.576050306735774,5,20,0.9940882042968189,False,True
1543.7590148448944,0.5733140522241593,4.452173647268744,9,15,0.5762086001736251,False,True
1550.0811562538147,0.5711780478556951,4.562760064050041,5,17,0.43270139804519847,False,True
1557.6533997058868,0.5694218973981009,4.401798166118818,11,13,0.7451213999917119,False,True
1565.5851471424103,0.5673184959756004,4.837945066010788,5,17,0.78256678133357,False,False
1572.1905844211578,0.5651152319378323,4.646437543699181,13,12,1,False,True
1578.404090166092,0.5632803888453377,4.477253824605173,20,5,0.5724840122604773,False,True
1584.5250916481018,0.5615544157558017,4.412204501904319,12,11,1,False,True
1592.3215551376343,0.5598541366391712,4.523195661598072,20,20,0.80728240484113,False,False
1599.1711564064026,0.557688451608022,4.615291587138128,13,5,0.7974547763457925,False,True
1605.7962551116943,0.55578578584724,4.568115697946165,10,7,1,False,True
1611.7386605739594,0.5539454799890517,4.496872346035116,14,16,0.473894588165355,False,True
1618.3007407188416,0.5522948127985001,4.426057669589388,19,20,0.3146586007160501,False,True
1623.8139252662659,0.5504720130893919,4.477493046510985,12,10,0,False,True
1629.972912311554,0.5489405715465545,4.596850538372203,5,19,0.29664962929743866,False,True
1636.8394050598145,0.5472297427389357,4.378020618742535,15,20,0,False,True
1641.225430727005,0.5453223830461502,4.419082960456551,8,15,0.2641874669913728,False,True
1647.8568551540375,0.5441040433115429,4.810627704436548,5,19,0.1010227944065401,False,False
1654.687252998352,0.5422619797786077,4.437657864309015,5,12,0.6249282947892001,False,True
1662.41473031044,0.5403646484348509,4.6089500142257505,10,9,0.7009480374251276,False,True
1666.6554024219513,0.5382181268930435,4.50801770250025,9,17,1,False,True
1673.3270683288574,0.5370401616891225,4.545169137761787,5,14,0.7958989104296916,False,True
1680.2490601539612,0.5351869218217002,4.610981588387735,11,17,0.4262710727583267,False,True
1686.6378011703491,0.5332641463809543,4.721515402815638,5,20,0.683129083094606,False,True
1692.6425919532776,0.5314894962310791,4.352738828353378,11,10,0.44571134230227477,False,True
1698.544808626175,0.5298214961422814,4.542915839354295,20,5,0.37451767516312634,False,True
1704.0964589118958,0.5281819940937891,4.490335358518208,16,6,0.3101307993999673,False,True
1709.901371717453,0.5266398692131042,4.338703328380182,20,11,0,False,True
1715.8715460300446,0.5250273922416899,4.562790672982141,17,5,0.3297441003273752,False,True
1722.9383172988892,0.5233690114153756,14.853426314471857,20,5,0.6680274607299315,False,False
1729.1943283081055,0.5214060178730222,4.456769770634324,15,14,0.25046465196465806,False,True
1737.2378988265991,0.5196682384941314,4.45154537956599,12,20,0,False,True
1743.2514429092407,0.5174339122904672,4.424167226990344,5,10,0.2509501826423306,False,True
1749.4263417720795,0.5157634845707151,4.490273748933271,11,5,0.3118400032192378,False,True
1756.7499611377716,0.5140482344230016,4.60084503650343,15,6,0,False,True
1764.1104261875153,0.5120138947168986,4.505100391951582,7,12,0.10276227060945148,False,True
1770.9832556247711,0.5099693224165175,4.444776311229931,9,15,0,False,True
1778.5932829380035,0.5080601969030168,4.519443696335039,8,17,0.39317943330726784,False,True
1785.372991323471,0.5059463065862655,4.511006524203429,5,18,0.021700386755547474,False,True
1791.2865762710571,0.5040630540582869,4.483832013153338,8,20,0.2497100472416788,False,True
1797.3481245040894,0.5024203917715284,4.520988029849667,16,14,0,False,True
1805.5865938663483,0.5007366277111901,4.508951336358516,9,20,0.3965996648495439,False,True
1812.2952737808228,0.4984481647279527,4.733965851567343,5,10,0.047189349489490995,False,True
1818.2583038806915,0.496584642595715,4.416760968892045,12,5,0,False,True
1824.4977278709412,0.4949282442198859,7.935264215866999,5,6,0.3121469581360239,False,False
1830.3952202796936,0.49319507022698716,4.448557053588915,17,6,0.11535792018882271,False,True
1834.068855047226,0.491556852194998,4.565258327901493,11,5,0.4499546238614003,False,True
1840.5295708179474,0.4905364249812232,4.595482768969964,5,7,0.4700374589212928,False,True
1845.50181889534,0.4887417819764879,4.432932941872468,14,10,0.08751892621075846,False,True
1851.1529562473297,0.48736060202121734,4.526454307137619,8,11,0,False,True
1858.3619811534882,0.4857908383342955,4.553578535824693,11,8,0.4807209880529105,False,True
1864.50709939003,0.48378833485974204,4.716677780575979,7,6,0.08764412686403994,False,False
1869.4419875144958,0.48208135538631014,4.435661281456162,5,8,0.8956489483054181,False,True
1875.4105088710785,0.48071055524879036,4.723969893881531,5,16,0.8532762435704614,False,False
1880.9985201358795,0.47905263112650975,4.565166769756933,10,5,0.589968602314983,False,False
1887.3355326652527,0.4775004061725404,4.589986344478798,7,11,0.7694880712871894,False,True
1893.9151721000671,0.4757401257753372,4.522427289289356,5,19,0.5177312349471657,False,True
1901.528221130371,0.4739124482207828,4.464252870813952,10,18,0.15973031016933714,False,True
1908.3112874031067,0.4717977121803496,4.45184560875852,7,20,0,False,True
1914.4948561191559,0.4699135257138146,4.648544900864191,5,11,0.33522384908447894,False,True
1921.2765641212463,0.4681958683331807,4.411984112465988,11,5,0.29247457330639054,False,True
1927.8246130943298,0.4663120620780521,4.80259239736977,6,11,0,False,False
1933.0713641643524,0.46449315806229907,4.4916782182613035,5,13,0.11754900671617713,False,True
1938.7591576576233,0.4630357286002901,4.6008135804892865,7,13,0.28165443105151367,False,True
1945.361881494522,0.4614557854996787,4.525345371024887,15,19,0,False,True
1952.444870710373,0.4596216950151656,4.624873347012425,7,17,0.016794734498114906,False,False
1959.3944301605225,0.45765419754717085,4.439050567627204,16,20,0.0979557052063577,False,True
1964.9917635917664,0.45572376575734885,4.486314617167347,19,13,0,False,True
1970.6646511554718,0.4541689497894711,4.45315762947768,15,11,0.25332972076541727,False,True
1976.559733390808,0.4525931341780557,4.520058253122949,19,10,0,False,True
1983.3818702697754,0.450955625043975,4.354550570012644,20,6,0.17918281842167616,False,True
1991.6815295219421,0.44906058821413253,4.516029998126159,11,14,0.2308601644182549,False,True
1996.6811592578888,0.44675512684716123,4.47271163272163,17,8,0.008729765872236256,False,True
2003.2923777103424,0.4453663411405352,4.44143423008741,17,6,0.2102371229255177,False,True
2009.725305557251,0.4435298912392722,4.513907475335381,14,5,0,False,True
2015.1869699954987,0.4417429655790329,4.805538488519346,5,5,0.34398095155542197,False,False
2020.9733700752258,0.44022583623727163,4.437708889678367,11,12,0.1398421289515883,False,True
2028.2778499126434,0.43861850314670137,4.422238059485979,17,11,0,False,True
2034.0422687530518,0.4365894813007779,4.451680803901026,9,5,0.4184709747228795,False,True
2039.6840999126434,0.4349882551034292,4.373080383946888,9,12,0.39212933076955514,False,True
2045.035796403885,0.43342107951641085,4.444007622326403,15,14,0.15586892057291385,False,True
2051.654871225357,0.4319344972901874,4.485070107003864,6,11,0.11435600977374788,False,True
2058.039878845215,0.43009586539533406,4.4932176604221965,14,14,0.06694614344787979,False,True
2064.010609149933,0.42832225223382314,4.5277609712456774,6,11,0,False,True
2070.5080904960632,0.4266637149122027,4.725301159434631,5,11,0.10917456674978818,False,False
2076.194888114929,0.42485885891649455,4.80150950605478,5,10,0.3704900544378362,False,False
2082.2644424438477,0.4232791925138898,4.746698152244481,5,8,0.10807560102715183,False,True
2089.132597923279,0.42159320645862153,4.636654134681741,6,5,0.34585840113787425,False,True
2095.1569843292236,0.41968538569079505,4.525952323678777,6,5,0.2214680389102506,False,True
2101.377445459366,0.4180119452873866,4.519657940311759,6,6,0,False,True
2107.7921752929688,0.41628403637144296,4.734682362941269,5,5,0.3199547901505952,False,True
2113.4382603168488,0.4145021698872249,4.5208927579599205,11,9,0.7246219239360328,False,True
2118.9270482063293,0.41293381293614706,4.395783077819199,16,16,0.8583775555742641,False,True
2124.5661776065826,0.4114091494348314,4.29719339634336,10,12,0.7077570682008533,False,True
2134.1272387504578,0.4098427248663372,4.410708967295946,14,14,0.6529521327087501,False,True
2142.168706893921,0.40718687468104897,4.413331990912683,12,17,0.4515186291385636,False,True
2148.2152445316315,0.4049531326691309,4.446914729884925,14,20,0.823625867745801,False,True
2154.4743750095367,0.4032735392782423,4.435185200429826,12,14,1,False,True
2161.5252351760864,0.40153489126099484,4.411821598408901,8,19,0.7485563730530136,False,True
2166.224332332611,0.3995763196547826,4.438171287097631,14,13,0.7108699339728922,False,True
2171.149514198303,0.39827101535267295,4.576523337768829,7,12,0.6543390571538181,False,True
2177.7926666736603,0.3969029089477327,4.540174611417349,5,11,0.43576364427588044,False,True
2184.9967217445374,0.3950575886170069,4.39592685150745,6,17,0.3711305521873033,False,True
2190.566036462784,0.39305646220842994,4.520874593248558,13,20,0.5877646892589504,False,True
2197.019766330719,0.3915094306733873,4.4680965758596285,19,16,0.7709247949485039,False,True
2204.087077140808,0.3897167274024751,4.5648131322566945,15,11,0.4728639665195026,False,True
2210.0977580547333,0.387753585908148,4.458388889708284,12,10,0.5075337063937164,False,True
2218.0027871131897,0.38608395225471925,4.627327831770211,10,15,0.4284906884850727,False,True
2224.1745326519012,0.3838881108495924,4.424538501162429,7,20,0.6783441719861381,False,True
2230.067684650421,0.3821737334463331,4.458419447238615,5,19,0.8074589727825995,False,True
2236.571729660034,0.3805367502901289,4.500155877005449,8,15,0.6052243276317525,False,False
2243.6757729053497,0.3787300703260633,4.53967699254534,7,18,0.7497331641744022,False,True
2250.3479809761047,0.3767567263709174,4.555878716485351,12,11,0.5436893575836568,False,True
2257.675769805908,0.37490333510769736,4.4856068253353545,8,16,0.2541735579257119,False,True
2265.308881521225,0.37286782748169367,4.306281461312468,12,14,0.13130848392684868,False,True
2271.433249235153,0.3707475292682648,4.519993350036115,7,6,0.13533198989763087,False,True
2278.031334400177,0.36904631568325885,4.517828703402828,6,5,0.1343513182164552,False,True
2283.5980772972107,0.36721351431475746,4.362336327671913,11,11,0.19246173912823644,False,True
2290.184325695038,0.3656671971082688,4.531245378787496,11,7,0.34890211757325984,False,False
2296.2968809604645,0.3638376820749707,4.5266594871713846,11,12,0,False,True
2302.3887491226196,0.3621397504541609,4.515771427156688,13,10,0.021170765793859892,False,True
2309.5574107170105,0.36044756611188256,4.467597948132417,17,15,0.33216883158855476,False,True
2313.3591029644012,0.35845627095964216,4.373411016478004,9,20,0,False,True
2317.65665602684,0.3574002449380027,4.511449568332802,8,14,0.011937116059546555,False,False
2324.7836713790894,0.35620647927125293,4.325107071509784,11,14,0.08744754284957895,False,True
2330.573390007019,0.35422675351301824,4.383896702883294,13,9,0,False,True
2336.08584523201,0.3526184978087743,4.664901861222994,9,7,0.27171216375104323,False,False
2342.602719306946,0.35108726018004943,4.52715444348292,12,5,0.11205165163001601,False,True
2349.061917066574,0.34927701863977645,4.669033350662115,11,7,0,False,True
2355.1319739818573,0.34748279617892375,4.556679548771359,15,7,0.3033232455644167,False,True
2361.0377056598663,0.345796670516332,4.5764505628125915,10,5,0.0275700311842646,False,True
2364.7322628498077,0.34415618922975333,4.582507827665093,10,10,0.1569135475273228,False,True
2371.1231310367584,0.34312992281383936,4.562330919997433,12,5,0.39445731415265145,False,True
2377.321848630905,0.3413546823130713,4.452446704821267,11,7,0.1622288884284797,False,True
2383.142072200775,0.3396328161822425,4.448151776289958,14,6,0.06175807495138966,False,True
2389.7032883167267,0.33801608761151636,4.4040825651467514,14,10,0.29211573034761373,False,True
2395.768979072571,0.3361935232745277,4.428534701742627,14,14,0.04870795044606571,False,True
2401.960719347,0.3345086133480072,4.456005134885978,11,12,0.27429735030967983,False,True
2407.7992498874664,0.3327886692682902,4.669794439523114,5,15,0.36413004852834546,False,True
2414.08420753479,0.3311668712562985,4.363805922541006,7,20,0.5788497458607477,False,True
2420.4152598381042,0.3294210489590963,4.726920934652644,5,14,0.31623927367322957,False,False
2427.6625282764435,0.32766242252455813,4.583385980051,5,19,0.7717857258642361,False,True
2434.479359149933,0.3256492935286628,4.466092824101596,9,20,0.8422690186847059,False,True
2440.859050512314,0.3237557297945023,4.4589003208670785,9,14,0.7546158740271003,False,True
2446.708332300186,0.32198359284136036,4.505498796007023,10,14,1,False,True
2454.6292490959167,0.32035879161622793,4.400541194348537,14,16,0.8025135781705982,False,True
2461.0892140865326,0.3181585382090675,4.446304720266218,11,10,1,False,True
2467.51700091362,0.3163641024960412,4.499230570117013,5,14,0.9057730637493167,False,True
2471.9812309741974,0.3145786068174574,4.434571674305649,10,9,1,False,True
2477.4936451911926,0.31333854211701284,4.36131753113742,5,15,0.7141414897476895,False,True
2484.660319328308,0.31180731634298964,4.366972817746037,7,19,0.5802617490699321,False,True
2491.4228100776672,0.3098165743880802,4.478374117522886,5,20,0.4280646113624039,False,False
2498.41575217247,0.307938103808297,4.426790012232988,6,20,0.8366594718758509,False,True
2503.852122068405,0.30599562062157526,4.44868690096723,5,18,0.9071101052270378,False,True
2511.0024585723877,0.30448551827006864,4.4562141197297604,9,20,0.7789606314351967,False,True
2517.4076845645905,0.3024993135531744,4.673375530458206,5,16,0.5645870866906259,False,True
2522.8749256134033,0.3007200841108958,4.440685913207785,10,16,0.6822657136179078,False,True
2528.7429416179657,0.29920140597555367,4.554011522181585,5,13,0.9190409289517352,False,True
2534.980736732483,0.2975714000066122,4.394540823844639,9,12,1,False,True
2541.536347389221,0.2958386798699697,4.741963037005158,7,11,0.899798715627794,False,False
2550.2369871139526,0.29401767624749076,4.465234955345698,14,12,0.8374808059203975,False,True
2556.527781009674,0.2916008328729206,4.510551611875456,19,17,0.975053085026579,False,False
2563.8770236968994,0.2898533885346518,4.479391046137503,15,13,0.7856330865336133,False,True
2571.0085439682007,0.28781193441814845,4.478483759581281,20,14,0.897009883559166,False,True
2578.1943724155426,0.2858309564325544,4.480425027652128,19,17,0.6832089207279846,False,True
2585.8456432819366,0.28383489284250474,4.468388166882049,20,11,0.8348989390996191,False,True
2591.9121108055115,0.2817095400889714,4.3704081150661285,15,9,0.8905070699009787,False,True
2598.038424015045,0.28002441022131175,4.443236238949963,10,5,0.8122084410101267,False,True
2604.6311633586884,0.2783226562870873,4.519865896744966,9,8,0.9495150357598129,False,True
2610.3551771640778,0.2764913402663337,4.695626688178679,5,5,1,False,False
2616.220147371292,0.2749013345771366,4.488420743343202,11,13,1,False,True
2621.367943048477,0.2732721766498354,4.506510992707624,14,10,0.8986481746375516,False,True
2631.0688469409943,0.27184223439958366,4.483983309193391,14,6,0.6371619713074752,False,True
2636.63375043869,0.2691475389401118,4.628891855366817,14,7,0.474619944659028,False,True
2642.2650752067566,0.26760173221429184,4.691901591482496,12,5,0.23160520264096623,False,True
2646.4507846832275,0.266037475599183,4.436599807854791,16,9,0.229175581475868,False,True
2652.6195158958435,0.2648747783899307,4.4483799008458735,14,11,0.15427056336830208,False,True
2659.043091058731,0.2631612420744366,4.597276831047882,11,8,0,False,True
2664.823012113571,0.2613769143157535,4.502874955876167,9,10,0.054191166849183146,False,True
2672.272644996643,0.25977138168281977,4.496382107655122,11,10,0.17506388203444856,False,True
2678.5222136974335,0.25770203941398195,4.591274969673728,11,5,0.1960808434973445,False,True
2684.5046718120575,0.25596604797575206,4.4638420912235794,6,7,0.4345567420746326,False,True
2689.6466929912567,0.2543042541212506,4.45656622986866,5,10,0.23597648964823767,False,True
2696.592358112335,0.2528759149710337,4.393242656000405,7,14,0.27331318224294254,False,True
2703.010845184326,0.25094656374719404,4.553692359888438,5,13,0.1303187343016767,False,True
2708.4785871505737,0.24916365067164103,4.481119002231189,6,8,0.14813782476477824,False,True
2711.438069343567,0.24764483326011233,4.526519481456681,10,8,0.05232664477620018,False,True
2716.6379630565643,0.24682275480694238,4.524270773362588,7,9,0,False,True
2722.7694940567017,0.24537833876079984,4.552732424207033,11,10,0.09758487979429983,False,True
2729.3772768974304,0.2436751370959812,4.560721860294495,6,11,0,False,True
2736.1096653938293,0.241839640935262,4.553096908950078,5,11,0.08495896156982098,False,True
2742.9930276870728,0.23996926387151085,4.70176119691851,8,6,0.062307000309803504,False,False
2750.296872615814,0.23805748701095586,4.491718581008298,8,9,0,False,True
2757.4760777950287,0.2360286421908273,4.6041768596654835,5,7,9.068624674397259e-06,False,True
2765.3782012462616,0.23403441872861652,4.480086249413303,7,8,0,False,True
2771.668224334717,0.23183938344319666,4.483847836589189,6,8,0.208157685306785,False,True
2778.9770295619965,0.23009215626451707,4.692946388203547,5,12,0.2888191042004877,False,False
2785.592805624008,0.22806193093458815,4.641743978871221,6,6,0.23253252827017393,False,False
2791.9120259284973,0.22622421536180704,4.8782241848243855,10,7,0.07238299088334907,False,False
2798.2619755268097,0.22446887618965572,4.540445439803886,5,11,0.43147145253480423,False,True
2804.01242685318,0.22270499938064148,4.628599841028519,7,6,0.4321607599739437,False,True
2810.3748500347137,0.22110765119393672,4.4284878851359455,7,8,0.47155348483367543,False,True
2815.957811355591,0.21934031546115873,4.632439144579947,7,6,0.3818686351409575,False,True
2821.1377913951874,0.21778949333561792,4.582344904609421,6,5,0.5247661550107702,False,True
2826.19868516922,0.21635060946146645,4.441211214176187,6,6,0.5017811814525822,False,True
2832.210705280304,0.2149448063638475,4.5950304598135405,5,5,0.4765939340061005,False,False
2838.039610385895,0.21327479932043292,4.537156058894348,9,5,0.690050206717086,False,False
2844.000057220459,0.2116556586821874,4.656110269463067,5,5,0.5467608603464819,False,True
2850.2822473049164,0.20999998072783155,4.778651812797238,5,8,0.4821167560682966,False,True
2856.3194720745087,0.2082549279265934,4.667213897659051,5,7,0.6188351865191327,False,True
2862.879054546356,0.2065779207812415,4.610300447022311,6,10,0.5627028422032914,False,True
2868.2951765060425,0.2047558148039712,4.501931433869257,7,12,0.5554940316647536,False,True
2874.0448603630066,0.20325133615069924,4.499694665527876,9,10,0.42438215036201143,False,True
2880.508414030075,0.20165420174598692,4.476759699168204,12,7,0.5048457461577313,False,True
2885.2764139175415,0.19985876990689166,4.727651022779089,9,5,0.6981319187311424,False,False
2891.4266941547394,0.1985343245665232,4.493001463375598,8,5,0.3415122957270902,False,True
2897.508120775223,0.19682591471407151,4.402526656294734,11,6,0.4888327269468936,False,True
2904.9128551483154,0.19513662907812335,4.457854260296431,11,8,0.6055250360357395,False,True
2911.5078189373016,0.19307975875006778,4.712961038974381,9,7,0.615626055346327,False,False
2916.852641582489,0.19124781847000127,4.464704363222492,14,10,0.6671278079475489,False,True
2922.2793900966644,0.18976315074496797,4.415306898977957,11,9,0.5146290470009933,False,True
2928.4603142738342,0.18825572146309744,4.580797986122462,9,9,0.5308362094520378,False,True
2933.8033101558685,0.1865387978818681,4.579998058451357,11,11,0.6084183850360456,False,True
2939.253349542618,0.18505463249153564,4.5135342378958665,9,9,0.6500679449823737,False,True
2945.8022129535675,0.18354072617159944,4.517980986518883,11,8,0.8068891188080531,False,True
2952.5706508159637,0.1817216037379371,4.508592045112531,13,7,0.7665565468869516,False,True
2958.167895793915,0.17984148244063058,4.591536732842713,14,5,0.8785825520282735,False,True
2965.6366062164307,0.17828669216897752,4.385762568145052,11,8,0.9556793787773102,False,True
2972.8671696186066,0.17621205018626318,4.468076370504923,11,7,0.8865479986266931,False,True
2977.497581720352,0.1742035602198707,4.535458806952976,13,6,0.8615707409681924,False,False
2983.555540084839,0.17291731609238514,4.524526029818075,13,10,1,False,False
2989.0677003860474,0.17123456709914742,4.520405538229315,7,7,0.7865840966316193,False,True
2994.2822580337524,0.16970341258578825,4.947291105876463,5,7,0.718776366550389,False,False
2998.7218947410583,0.16825492289331223,4.425047717059643,8,10,0.7694116598660055,False,True
3004.9437470436096,0.16702169193161853,4.524007867200213,9,6,0.8028991574896359,False,False
3012.884748697281,0.16529339836703405,4.4640850377353205,7,11,0.8216533721292248,False,True
3019.562281847,0.16308756616380482,4.430846876723955,9,9,0.7516959652315784,False,True
3026.982276201248,0.16123269577821098,4.644955640272329,7,9,0.8025716300450655,False,False
3034.60174202919,0.15917158464590708,4.508197482835457,10,7,0.7151412438566349,False,False
3040.2935960292816,0.15705506642659506,4.533571269596168,6,9,0.6539127883548778,False,True
3045.007264614105,0.15547399759292602,4.514635622309994,8,9,0.5756193916377091,False,True
3051.49844121933,0.15416464494334325,4.338464216534638,9,7,0.6954448371520249,False,True
3057.8663387298584,0.15236154072814523,4.442808747182559,11,7,0.7886145429231294,False,False
3063.857710838318,0.15059267792436815,4.619174755564903,6,6,0.7133621581751526,False,False
3070.0346853733063,0.14892840809292263,4.64792947038837,7,9,0.6517475835489432,False,False
3076.385022878647,0.1472125794490179,4.554215580179823,11,6,0.7214511808624939,False,False
3082.6586911678314,0.1454485991266039,34.606005451420764,9,5,0.655959035301311,False,False
3089.8098878860474,0.1437059134244919,4.4690787377407,10,7,0.7875411090129202,False,True
3095.905351161957,0.14171947187847567,4.426679159477717,7,7,0.8440946693160042,False,True
3102.7678668498993,0.14002628783384963,4.417623969671604,9,7,0.7833636528180233,False,True
3110.221428155899,0.13812003321117827,4.605483870047889,9,5,0.8973240039133266,False,False
3116.618531703949,0.13604959845542908,4.651762877812847,7,5,0.8640950674808521,False,False
3122.9513869285583,0.13427262504895532,4.510326919915119,7,7,0.7640764438811841,False,False
3128.6512463092804,0.13251349839899274,4.486975872499629,10,6,0.7043287328295003,False,False
3135.3412675857544,0.13093020485507112,4.328578167858211,8,9,0.8935927848292469,False,True
3141.73970246315,0.12907186640633472,4.509221593037681,8,10,0.9560421861146491,False,False
3148.4236674308777,0.1272945217953788,4.597430367288065,7,6,0.8990514714113561,False,False
3155.325425863266,0.1254378653897179,4.5230809928075075,10,6,0.8625018687148126,False,False
3160.7002379894257,0.12352071007092791,4.492784212688354,6,9,0.9003621387829784,False,False
3167.6298639774323,0.12202770451704659,4.452511382297644,6,10,0.882427697870834,False,True
3174.397680282593,0.12010281185309091,4.571896878579065,5,9,0.9841415275337134,False,False
3180.830636024475,0.11822286135620541,4.704326684182831,5,8,0.9840124695991763,False,False
3186.518769979477,0.1164359290070004,4.4863814532430215,5,9,0.9110122064475076,False,True
3192.322165966034,0.11485589358541703,4.477865256227825,7,7,0.7973910964095065,False,True
3198.5270931720734,0.11324383901225199,4.515676387155198,7,6,0.6874892797144534,False,True
3203.8446278572083,0.11152024832036755,4.768705232187775,5,7,0.601846506157803,False,False
3209.9979326725006,0.11004315111372209,4.572303007799578,6,5,0.6491498102202069,False,False
3216.2939579486847,0.10833390222655404,4.781338209954993,5,5,0.6029616719754598,False,False
3222.197285890579,0.10658500691254935,4.4104493749996045,6,5,0.5879578883368468,False,True
3228.285448551178,0.10494519419140291,4.584952295016991,7,6,0.628887588180198,False,True
3233.9611299037933,0.10325403849283854,5.023448696461516,6,6,0.7173118609267115,False,False
3240.1964745521545,0.10167745861742228,4.7781449232407756,5,5,0.5938902014760168,False,False
3246.5019607543945,0.09994541645050048,4.594036383901917,7,5,0.5820996691611915,False,True
3252.945061683655,0.09819389608171247,4.4965311420611425,7,6,0.5454910064212936,False,True
3258.7230999469757,0.09640414602226677,4.6143810029297505,6,7,0.5465450903652962,False,False
3264.9013981819153,0.09479913393656414,5.106326551274506,5,5,0.4616492805748399,False,False
3271.357930421829,0.09308294011486906,4.47025141453797,8,6,0.498262589325569,False,True
3277.3797295093536,0.09128946019543538,4.408968431854354,6,7,0.45363516769776635,False,True
3283.6920442581177,0.08961673604117504,4.884789738998596,6,6,0.48054830211029115,False,False
3290.2302136421204,0.08786331600613062,4.546672207206614,6,7,0.46752355799260303,False,False
3296.8583574295044,0.0860471578439077,4.800038355551406,5,5,0.40056599034553714,False,False
3303.3525969982147,0.08420600672562917,4.660989518885403,7,7,0.5086666457849895,False,False
3309.5440726280212,0.08240204579300348,4.455270133078544,7,7,0.5248347165995836,False,False
3315.792215824127,0.08068212105168238,4.546187549965397,5,8,0.4947752272670155,False,False
3321.0902211666107,0.07894660174846646,4.666400215902852,5,7,0.5318434495285628,False,False
3327.141625404358,0.07747493326663968,4.598742806169438,6,7,0.44604398554473473,False,True
3333.184592485428,0.07579398910204571,4.793750642411574,6,6,0.4427547510989172,False,False
3339.478500843048,0.07411538455221389,4.548449494215244,6,8,0.44392327514353724,False,True
3345.897267818451,0.07236707958910205,4.548746439039016,5,7,0.491101897103624,False,True
3351.8494172096252,0.07058408849769171,4.613344741136062,5,7,0.5116936533683214,False,False
3357.50270318985,0.06893071227603487,4.467417049117777,5,7,0.525763888047992,False,True
3364.2597122192383,0.06736035658253559,4.7224959423270905,6,7,0.4626087493306524,False,False
3370.692854166031,0.06548340797424312,4.8696362898239824,5,8,0.48654242501856293,False,False
3375.695740222931,0.06369642449749846,4.512382643815334,6,7,0.4913536675607523,False,True
3382.275369644165,0.06230673511823015,4.612512939730772,6,7,0.5258157802829312,False,True
3388.7490170001984,0.06047906027899852,4.706116706358796,5,8,0.5280158210691862,False,False
3395.0338966846466,0.05868079808023241,4.584978286868139,5,6,0.4957151471093591,False,True
3401.625841140747,0.056935025188658006,4.548928632752426,5,6,0.48703502840014135,False,True
3407.4352312088013,0.05510392924149832,4.561931847608838,5,6,0.480085672366836,False,False
3413.897875070572,0.053490208453602306,4.87650327401954,5,5,0.5088546832736096,False,False
3419.930371761322,0.051695029338200915,4.57733280942897,5,6,0.510687489991712,False,True
3425.9825880527496,0.050019337601131864,4.664915234742135,5,6,0.5493494223480334,False,False
3432.2172496318817,0.04833816475338404,4.547564844866549,5,6,0.5454830503862113,False,True
3438.647675514221,0.04660631610287558,4.734987420858946,5,6,0.5107144867776434,False,False
3445.206534385681,0.044820085234112184,4.923448582404855,5,6,0.5266579523299346,False,False
3451.5512487888336,0.042998179859585206,4.8803048482088185,5,6,0.531992601539461,False,False
3457.8376722335815,0.04123575925827028,4.665748437749498,5,6,0.5852485635093874,False,False
3464.294008255005,0.0394895299275716,4.669439039618313,5,5,0.5642092347200969,False,False
3470.3955731391907,0.03769610351986352,4.496573848409878,5,6,0.575327700133624,False,True
3476.677299976349,0.03600122604105205,4.866518297055988,5,5,0.5445027882587731,False,False
3482.8978464603424,0.03425630019770731,4.763133571868834,5,6,0.5510563855137118,False,False
3488.4111671447754,0.032528370751274904,4.778792892650726,5,6,0.5587234245988729,False,False
3494.0791811943054,0.03099689318074117,4.570469900554241,5,5,0.6042203015492248,False,False
3500.1894273757935,0.029422444767422173,4.536843361598631,5,6,0.5986375998745804,False,True
3506.4233973026276,0.027725155221091424,4.638024691410239,5,6,0.6178148593769943,False,False
3512.332905292511,0.025993495782216436,4.540568194858753,5,6,0.6038434419784358,False,True
3517.968191385269,0.024351967242028927,4.6100700115425575,5,6,0.5822922511449327,False,True
3523.48925113678,0.022786609530448865,4.501877441995662,5,6,0.5779086574494117,False,True
3530.053047180176,0.02125298235151507,4.465228350388899,5,5,0.5670567982302134,False,True
3536.384790658951,0.019429705739021252,4.776391856187137,5,5,0.58045927063038,False,False
3543.3370950222015,0.017670870621999124,4.795721292790565,5,5,0.5526629109015839,False,False
3549.249454975128,0.01573969013161125,4.741494121304845,5,5,0.5622420697410644,False,False
3555.2502138614655,0.01409736805491979,4.543124411960901,5,5,0.5797051549478797,False,False
3560.9247522354126,0.01243049045403799,4.573329774480224,5,5,0.5716636484022729,False,False
3568.0823543071747,0.010854221648640139,4.729480875318111,5,5,0.5599043056497857,False,False
3574.1514472961426,0.008866007592942982,4.524356398601547,5,5,0.5627333922307148,False,False
3580.566068172455,0.007180148628022964,54.56558355156373,5,5,0.5739853196746835,False,False
3586.735132217407,0.005398309363259246,4.474737279147122,5,5,0.5625144302623253,False,False
3592.8721232414246,0.0036846801307466315,4.9639023535200675,5,5,0.5675317174152618,False,False
3598.1956741809845,0.001979960600535069,4.397342369317298,5,5,0.5661385962083622,False,True
3601.664344072342,0.0005011978414323215,4.634060616019292,5,5,0.5657458875616896,False,False
