16.763043642044067,0.9977017035086949,762625133522759.0,1,1,False,False
24.4134304523468,0.9953435943524043,763376648934719.6,0.9573075792037018,0,False,False
31.7374370098114,0.9932184867064158,763666255093164.0,0.9012963242702156,0.7946471706858758,False,False
40.44942355155945,0.9911840393145879,762422377521373.8,1,0.03385535244703738,False,False
49.0629506111145,0.9887640430529913,762314677668654.1,1,0.06599738908692995,False,False
57.460076570510864,0.9863713977734248,762582654985435.6,0.5608773864647557,0.3378326921291211,False,False
65.53904819488525,0.9840388617912929,762618604595306.6,0.8081898343420965,0,False,False
73.62551355361938,0.9817947042650647,763544515501792.0,0.6549644335178502,0.8486233910594342,False,False
82.77119469642639,0.9795484628942278,763472995589400.2,0.16376797174799695,0.42123301356998916,False,False
90.27087569236755,0.9770079969035255,762771647118056.2,0.21086431279211182,0.08815621467290528,False,False
98.6612184047699,0.9749247519175211,761251652548418.2,0.7273363820048229,0,True,True
107.00590896606445,0.9725941030184428,762589232781854.0,1,0.8618225890128347,False,False
115.94800853729248,0.970276131298807,762807666863149.2,1,0.49783203302186746,False,False
125.43407440185547,0.9677922146850162,763953490238610.0,1,0.6231513907219858,False,False
134.35398697853088,0.9651571967866686,763157353232583.2,1,0.4964653447357707,False,False
142.8176257610321,0.9626794434256024,763495968695542.8,1,0.7013902213248617,False,False
150.84308099746704,0.960328432586458,762026190180030.4,1,0.6647780948955179,False,False
159.71308302879333,0.9580991395976808,761656756106724.8,0.8015055905873696,0.6250705157405798,False,False
167.79942893981934,0.9556352494160334,761487032427305.2,1,0.08405536481072838,False,False
176.43130230903625,0.9533890430132548,763961054837017.6,0.3209877579924187,0.5626096572690645,False,False
185.71644759178162,0.9509912998808755,761780384610728.9,0.5003236624392167,0.59406806084466,False,False
193.70316076278687,0.9484120927254359,763607480125632.2,1,0.6470575254242213,False,False
202.2220494747162,0.946193561885092,761497358658254.2,1,0.17945956195345095,False,False
209.63591289520264,0.9438272036446466,764017054053873.2,0.8132570096959222,0.5863739776158889,False,False
215.92758107185364,0.9417677974038654,761970609385992.2,0.9758541329003796,0.11018940514009498,False,False
221.7359311580658,0.9400201112694211,761419001166667.6,0.9267355706127973,0.33807161466985275,False,False
226.823579788208,0.9384066810210546,762602307001906.1,0.0031296805447263987,0.9058454982209826,False,False
231.42167210578918,0.9369934448930952,762455284198925.2,1,0.3463782721528912,False,False
238.63106870651245,0.9357161973582374,761729901730037.4,0.7789412651498102,0.052652865576755,False,False
246.79145908355713,0.9337135869926877,762750417583897.1,1,0.5873703395242414,False,False
255.08894181251526,0.9314468120866352,763263786432222.6,1,0.8946907903606268,False,False
263.79301953315735,0.9291419557730357,762556655559810.5,0.7188326434668317,0.8175596171020324,False,False
271.50327348709106,0.9267241562075085,762222497714591.0,0.8756170957489987,0.15204413759694949,False,False
279.19903659820557,0.9245824193954468,763879907701885.6,0.00963984171769161,0.6211209299158799,False,False
287.3863437175751,0.9224447073539098,762943517713579.4,0.19363389458445057,0.7154648825866912,False,False
294.3355827331543,0.920170455508762,762883153266693.2,1,0.4535919115254888,False,False
302.151394367218,0.918240110874176,764955912149978.6,0.11840222675052892,0.831952582852133,False,False
309.82528376579285,0.9160690526829826,763768399618244.2,1,0.857757291253902,False,False
318.66839265823364,0.9139374170038436,762026856943198.2,1,0.39742624550633565,False,False
327.8852343559265,0.911480997271008,763375634069733.2,0.4862290789813362,0.5700945651085176,False,False
335.5467734336853,0.9089207628700469,763005621300795.0,0.7727824949647054,0.8704470785786257,False,False
343.67087864875793,0.9067925581667158,762112289921802.5,1,0.39684692784372066,False,False
351.0375335216522,0.9045358623398675,761644984569808.0,0.8964172278413434,0.07625534604738585,False,False
358.09578132629395,0.9024895692533916,763265555334586.0,0.7351199255374725,0.18834892866948127,False,False
365.7547254562378,0.9005289437373479,761721014591194.8,1,0.3619012387822128,False,False
373.88766074180603,0.8984014601177639,762988098880250.1,0.18401541861549453,0.5545139365874323,False,False
381.47162795066833,0.8961423115597831,762152985552211.9,0.30586405032278097,0.11942777687060828,False,False
389.44139552116394,0.8940356535381742,761072275262198.9,1,0.23535232876889378,True,True
396.51364374160767,0.8918218317959044,764054767911489.4,0.7485536272723423,1,False,False
403.4223847389221,0.88985731654697,763247783841503.8,0.3194765846067783,0,False,False
411.3477478027344,0.8879382211632199,762695353062773.8,0.33307996118724337,0,False,False
418.6444683074951,0.8857367318206363,762255606373442.2,0.430995724836846,0,False,False
426.05936574935913,0.8837098655435774,761888544090589.8,0.9881777363261409,0,False,False
433.54277324676514,0.8816501714785894,761776409279576.1,0.6552173564229016,0,False,False
440.68068385124207,0.8795714464452532,762562461941265.0,0.9527173583676122,0.09196602377620061,False,False
447.86800026893616,0.8775886938969294,762078308693893.2,0.5900227917139655,0,False,False
455.12053966522217,0.8755922171142366,761813452399715.2,0.40008499811775633,0,False,False
461.65112495422363,0.8735776231024001,762274127774559.8,0.4735598065156372,0,False,False
466.595600605011,0.8717635719643699,763896950093210.9,0.65557641926104,0,False,False
473.3700931072235,0.8703901051812701,761380985602916.6,0.6024596862170868,0.5766165355870307,False,False
481.2549178600311,0.8685083028342988,763380450285067.9,0.8263949254057734,0.8709347621188804,False,False
488.60045647621155,0.866318073603842,762638728710045.2,0.27726677155815926,0,False,False
495.69259309768677,0.8642776462766859,762736003691880.6,0.4935752677899675,0,False,False
503.85071778297424,0.8623076085249584,761427007940562.9,0.5020819470115406,0,False,False
514.4127564430237,0.8600414627128177,761986928472362.6,0.7933239212802394,0.37571780929045107,False,False
525.816526889801,0.8571075628201167,763708360723312.4,0.1753282301386494,0.046140906729276926,False,False
534.6800124645233,0.8539398489395778,762629397873564.6,0.48302283378537203,0.23872905477824524,False,False
543.204708814621,0.8514777692159017,763060109336150.5,0.9780043237615568,0.924985448232867,False,False
552.6091847419739,0.849109798139996,763233257984165.1,0.9185345577241267,0,False,False
562.0176196098328,0.8464974442455504,762373713256863.4,0.8521929310595504,0.6978834951937274,False,False
570.6097366809845,0.8438839901818169,762713968324536.5,0.3180012294305451,0.6909035344190155,False,False
578.4758975505829,0.8414972904655669,763185219344945.2,0.6009906577458739,0.7848548579502711,False,False
586.0410618782043,0.8393122454484304,762433180242410.6,0.8482141557506734,0,False,False
593.5930504798889,0.8372108114427991,762757712491486.8,0.7790630683755232,0.8044160022024573,False,False
601.8215765953064,0.8351130364338557,764820872930343.0,0.4697538280073632,0.01608506832094969,False,False
609.8729963302612,0.8328273350662655,762463772778127.8,0.7703247932073327,0.22742186388436889,False,False
617.5943586826324,0.8305908297830158,762594239916136.4,0.4881487596640608,0.4232387151336061,False,False
626.3593032360077,0.8284460064437654,762853527015076.0,0.4750693010141288,0.0130283055098816,False,False
634.6020934581757,0.8260113000207477,761081266717965.4,0.5473825986202786,0,False,False
642.8105776309967,0.8237216348118253,761184723610451.0,0.7810582019583412,0,False,False
650.4195153713226,0.8214415013127857,762530932696968.6,0.5192078382334434,0.09220324149297845,False,False
658.2175924777985,0.8193279079596202,761851466991788.4,0.9538874341868062,0,False,False
666.8545904159546,0.8171617750326792,762460724239050.1,0.41285603797842296,0.16625480547239732,False,False
675.7998330593109,0.8147626066870159,761947879155578.2,0.36843431009214,0.1513609832010122,False,False
683.8838620185852,0.812277819249365,763729637164219.5,0.5106646723511732,0.4599468385003005,False,False
691.0617241859436,0.8100322394900852,761510901308773.8,0.8916650395821675,0,False,False
699.1593241691589,0.808038402862019,761927395249642.6,0.9760318926108545,0,False,False
707.5276675224304,0.8057890709241231,762866403810980.2,0.33761761571536963,0,False,False
715.6097683906555,0.8034645317660438,762227223441348.4,0.7895812549060743,0.11464553940141976,False,False
723.9127287864685,0.8012195038133197,761944101905206.8,0.8313339822868506,0,False,False
732.2978706359863,0.7989131263891855,762433460954485.8,0.9322481473608574,0.8701072221345689,False,False
739.9017994403839,0.7965839200549656,763302185939879.5,0.22834044972521084,0.11361705169833007,False,False
747.2294104099274,0.7944717174768448,763016952533758.6,0.6183498302068108,0.36951417657529206,False,False
754.0550353527069,0.7924362703826693,762307071078951.5,0.2141204365882221,0.42496946306614075,False,False
761.3209309577942,0.7905402627256182,763182611121391.1,0.36864360718889466,0.6700098390563191,False,False
770.2472796440125,0.7885219583908717,763591172924827.9,0.27247584847987416,0.0035678371187230218,False,False
777.8998124599457,0.7860424177514183,762793640591518.0,0.2869611088189966,0,False,False
785.5998136997223,0.7839167143901189,762146907287885.4,0.8346121265058081,0,False,False
792.257241487503,0.7817778250906202,762211039149125.1,0.2569905226190682,0,False,False
797.7537429332733,0.7799285395940145,761876296561991.8,0.7977798122766728,0,False,False
803.5615820884705,0.7784017333719465,762998204979102.2,0.5513499511340128,0,False,False
810.9062395095825,0.7767884447177251,762030892218461.2,0.6949890665368084,0.41602037767130495,False,False
819.4027092456818,0.77474826183584,764551268639908.6,0.37697697131622465,0.9699181694919952,False,False
828.5828025341034,0.7723881316184997,763497539139858.0,0.43716726367533365,0.780775314329544,False,False
836.8504822254181,0.7698381058375041,763516778851957.4,0.9093715093132971,0,False,False
844.7800090312958,0.7675415273507435,760869240193284.0,0.7485389984956177,0.3927204809343957,True,True
852.7555894851685,0.765338883333736,762262101184643.2,0.29953233237509086,0,False,False
860.1331796646118,0.7631234429942237,764851305233453.2,1,0.2787128536249839,False,False
868.2305986881256,0.7610741118590036,761555086038914.2,0.3851919002058786,0,False,False
876.3283040523529,0.7588248293929629,761994366218825.2,0.4070633261637835,0.5554194424739332,False,False
884.1133079528809,0.7565754664606519,762337805062880.8,0.5020591584074499,0.2128954970765716,False,False
891.8597464561462,0.7544129653771718,762438165845711.8,1,1,False,False
898.9754633903503,0.7522611718707615,762488737626937.6,1,0.5483996941132789,False,False
906.5118389129639,0.7502845888005363,762300141101491.2,1,0.25286132189959726,False,False
914.1945683956146,0.7481911511553658,762016420054613.1,1,0.32996243883234844,False,False
922.4588203430176,0.7460570596324073,763686896675785.9,0.17438098710090233,0,False,False
929.8740382194519,0.7437614338265526,763843411474902.6,0.3632560638643893,1,False,False
937.6928291320801,0.7417016512155532,762096408958658.8,0.6211573144066511,0.356065730608508,False,False
945.1069881916046,0.739529764784707,761685523572030.0,1,0.8087265026498205,False,False
953.1002316474915,0.737470276289516,761671212923476.8,0.7547613567868287,0.6496419780536741,False,False
960.6874897480011,0.7352499302890565,762964781367824.2,1,0.3491447123667113,False,False
968.1216025352478,0.7331423593891991,762793443208333.0,0.23879720551523242,0.037512458833902584,False,False
974.8802399635315,0.7310773277282715,761849975478757.4,0.682474809554131,0,False,False
982.1902589797974,0.7291999291049109,762844595225556.2,0.4672983045513953,0.601868298187484,False,False
989.9911668300629,0.7271693676047855,762992019748354.9,0.9694808437512024,0.7656436627506935,False,False
998.2546494007111,0.7250024491548539,762767172329262.2,0.24259790614351473,0.7382955575717871,False,False
1005.8898153305054,0.7227070368660821,761933257792617.2,0.8837594790322181,0.7938478792016526,False,False
1013.9805865287781,0.7205861481693057,762669880460515.6,0.2683771318750368,0.2214304360328562,False,False
1020.8383247852325,0.7183387205998103,764198932918332.2,0.3061893288744225,0.6424709478998135,False,False
1026.5615549087524,0.7164337934388054,763221467572114.4,1,0.5929469084988664,False,False
1032.8095943927765,0.714844007756975,762321615571265.5,0.9126720368607006,0,False,False
1041.0807211399078,0.7131084412998623,764036564983033.8,0.2194267963445088,0.7809195989660771,False,False
1048.6694781780243,0.710810906291008,761905841177328.6,1,0.5836339817847996,False,False
1056.495421409607,0.708702916900317,762157851470790.2,0.08092929915811675,0,False,False
1064.0145103931427,0.7065290452374353,763606482422104.2,0.28393049644834994,0.17201681874822955,False,False
1071.8869333267212,0.7044404076867634,762948342850318.4,0.8902609393505164,0.24963686103407787,False,False
1079.9402196407318,0.7022536216841804,762299445986326.6,0.6258286981094032,0.1074989942559188,False,False
1088.8796210289001,0.7000166008207533,763417416074328.5,0.889979006912204,0.9705758099862489,False,False
1096.5416476726532,0.6975334341658486,761838636960785.8,0.6432732303200885,0.5925507050892415,False,False
1104.140105009079,0.6954050934977002,762873608319458.4,0.09272624969703014,1,False,False
1111.141175031662,0.6932944107055664,763159368482121.6,0.27611179021112603,0,False,False
1118.8913130760193,0.6913496687677172,762981881316042.1,0.46422814712698696,0.1942831817326234,False,False
1126.5524010658264,0.6891968523131476,763130323866345.0,0.4996708480897673,0.8049172921542447,False,False
1133.7615983486176,0.6870687727133433,762626766135349.8,0.3704493207831444,0.8256093511289491,False,False
1141.0912294387817,0.6850662172502942,761884448049946.8,1,0,False,False
1148.329025030136,0.6830302094750934,762918873482487.8,1,0.5976547791271382,False,False
1155.442621231079,0.6810197106997172,762093924696606.1,1,0.5012033976201007,False,False
1162.6832711696625,0.6790437114238739,762324644813412.1,0.9728051210383534,0.9346386241507396,False,False
1169.912151813507,0.6770324201716318,761426569329066.0,0.9609899234574358,0,False,False
1177.3833031654358,0.6750243973731995,762739304792443.9,0.7384042813038616,0.8860744159376511,False,False
1184.5113184452057,0.6729490775532192,761842392329883.8,1,0,False,False
1191.807238817215,0.67096907403734,763267937982745.4,1,0.6660001001256466,False,False
1199.1014680862427,0.6689424292908774,761665011826892.1,0.8845858416331969,0.1556445665471811,False,False
1206.0637557506561,0.6669162512487835,762777132342061.4,0.16586787371285783,0,False,False
1213.4107344150543,0.6649822856320275,762856573739173.2,0.8898998798547754,0.7942428618563062,False,False
1220.831666469574,0.6629414578941133,761928065274244.1,1,0,False,False
1227.8359417915344,0.6608800884750154,762521570709537.2,1,0.18470660713331402,False,False
1235.0530354976654,0.6589344559775459,762689660103526.6,0.45026020651580356,0.6119624709059647,False,False
1242.1408965587616,0.6569297069311142,763442452127110.5,0.3139145367809351,0.7464004424821564,False,False
1248.676706790924,0.6549608572324117,763023865060131.1,1,0.8296372619759206,False,False
1254.8928093910217,0.6531453547212813,762414418930125.8,0.17233993711322704,0.08401772638779348,False,False
1261.3038561344147,0.6514186592234505,763130474095890.8,0.3858871437218113,0.06591467356601699,False,False
1267.0470147132874,0.6496378129058413,761716745714403.2,0.19929828715800024,0,False,False
1272.3733506202698,0.6480424899525112,761956174207822.2,0.6917597484533614,0,False,False
1277.58242893219,0.6465629537900288,762484981502086.0,0.1902208613932459,0.859237854586768,False,False
1284.2647545337677,0.6451159873935912,762490800084282.0,1,0.23021717878302736,False,False
1291.9560449123383,0.6432597858375972,763385464558613.5,0.7889346976294866,0.2833100635834941,False,False
1299.402069568634,0.6411233152283562,762170020152128.0,0.42858824373429494,0,False,False
1306.685965538025,0.6390549763043721,762270391448103.2,0.2213747647608062,0.4064420360633407,False,False
1313.9082252979279,0.6370316705438825,762967117683035.8,1,0,False,False
1321.1383962631226,0.6350254651572969,762387331699413.0,0.610655733802293,0,False,False
1328.9051294326782,0.6330171065198051,762910737507902.2,0.475497992707253,0.7601690821875591,False,False
1336.3561866283417,0.6308596805731456,763378832681262.5,0.9566445895207916,0,False,False
1343.3506631851196,0.6287899435228772,762685015151710.8,0.3281098635938898,0.7587660614627993,False,False
1350.7868115901947,0.6268470331033071,763241407561669.8,0.4491939178940377,0.8186098125741977,False,False
1358.832822561264,0.6247814354631636,763233247950734.0,0.22388049064281457,0,False,False
1367.1484611034393,0.6225464336077372,763278776902184.9,0.6300115335144209,0.8271839573046905,False,False
1374.4946858882904,0.6202365338802338,762583970302186.1,0.32670397627491987,0.7651689925050744,False,False
1381.6098854541779,0.6181959156195322,762847094983373.8,1,0.5115079601971729,False,False
1388.8183903694153,0.6162194709645377,762181434265389.2,0.9085122593751538,0.31767369153458075,False,False
1396.2416050434113,0.6142171070973079,763436813480272.8,0.18879881706454404,0.6498274500104397,False,False
1403.4537165164948,0.6121551044119729,762231602847208.9,0.6185482826089609,0,False,False
1411.1096472740173,0.6101517409086228,762097434165349.5,0.7619991284900671,0.807151528323613,False,False
1418.4313066005707,0.6080250933435228,762385695260803.0,0.6787979447136249,0.5934752117456319,False,False
1426.1089208126068,0.6059912984901004,762190192653522.8,1,0,False,False
1433.9131903648376,0.6038586276107365,763367046486026.2,0.4267873489535088,0.45001453413319276,False,False
1442.1562592983246,0.6016907758845224,763932688369705.2,1,0.2152821280492685,False,False
1449.9031012058258,0.5994010341167451,762808574295404.0,0.27270008360438885,0.05413900238902908,False,False
1457.8057088851929,0.5972491339180205,763449337263225.8,1,0.9443304145664737,False,False
1466.0239009857178,0.5950539650519688,762159620471072.8,0.23479412979389813,0.44125320192616013,False,False
1474.510750055313,0.5927711327870686,762543394685253.6,0.5855385762939498,0,False,False
1481.341621875763,0.590413675904274,763979115818070.2,0.21014377136278728,0.8595331925398451,False,False
1488.415893793106,0.5885162117746141,762987306090597.8,0.5769722894756573,0.35814961086051605,False,False
1496.7643945217133,0.5865511357784271,761989714328822.0,0.9083808381582013,0.34353952874746807,False,False
1504.130611896515,0.584232108063168,761255531275263.5,1,0,False,False
1511.885987997055,0.5821859367688497,762751176379211.8,0.5030490336040401,0.8550860125249076,False,False
1518.0034329891205,0.5800316651662191,762546173008559.2,0.599413974664768,0,False,False
1523.473759651184,0.5783323754204643,762487782662668.4,1,0.5307671328419838,False,False
1529.0481986999512,0.5768128401703305,762736530912602.0,0.751512925017128,0.8971300827317636,False,False
1534.2031230926514,0.5752643846803241,763281669426309.0,0.23900468617261517,0.9647272263426527,False,False
1540.4237685203552,0.573832459780905,764597699525795.4,0.8198882372996978,0.13812678366843045,False,False
1548.0139029026031,0.5721045039097468,763096235021086.2,0.2629822318041042,0.231597061000715,False,False
1555.2900314331055,0.5699961334466934,762798967297517.8,0.5406179857458085,0.3392593012259891,False,False
1562.1123821735382,0.5679749865664376,764067039163519.6,1,0,False,False
1569.2529482841492,0.5660798893372219,762729780254086.4,0.7874495423905755,0.41481403859143656,False,False
1576.51140999794,0.5640963979562124,762006957956101.5,0.9293777748770504,0.6277622193971939,False,False
1583.339672088623,0.562080159385999,762005292987658.5,0.414180193177232,0.6713276995273969,False,False
1590.8841841220856,0.5601834183269077,763682096854780.1,0.20646680994643918,0.9453736492415598,False,False
1598.3752872943878,0.5580877210034265,763122839483938.6,1,0.49269820444379375,False,False
1605.5202522277832,0.5560068598720762,763567180510565.5,0.23200855707165946,0.20041230540556884,False,False
1612.340104341507,0.5540221469932132,761875586721216.2,0.9882903482254868,0.46130108535317804,False,False
1620.339251756668,0.552127743297153,763114946178495.9,0.6904337219887066,0.5119336910870644,False,False
1627.0405707359314,0.5499057583676444,762851708979851.8,1,0.8281198570163257,False,False
1634.5845658779144,0.548044280939632,763023459060064.8,1,0.49665845548571086,False,False
1641.7798285484314,0.5459487264023887,762435255267929.8,0.20876881524314295,0.5374138198244329,False,False
1649.0529091358185,0.5439500419298808,763122105255093.6,0.6331043202389466,0.5324181380117837,False,False
1656.4225988388062,0.5419297422965368,762752790058707.4,0.28512218523437044,0.8057166542798295,False,False
1663.9330427646637,0.5398826067977481,762259118185697.5,0.34203603368942637,0.4774349370050196,False,False
1672.0020234584808,0.5377963718440797,763222702396162.4,0.912327322893236,0.7765221021099373,False,False
1680.7392265796661,0.5355549887153838,763285162111561.9,0.4797088755788134,0.12663035042118748,False,False
1690.1001620292664,0.5331279867225223,763638228300520.6,1,0.7222656519596007,False,False
1699.616003036499,0.530527728067504,763456366858552.5,0.5813938585509284,0.867842714584258,False,False
1707.6703362464905,0.5278844388326009,762634328430379.8,0.9763968016531539,0.03434261587772053,False,False
1715.7374041080475,0.5256471241182752,762558071558304.9,0.595908995429955,0.26313000535331743,False,False
1723.6024956703186,0.5234062720669641,761792999551100.4,0.5048919753391421,0.12966846304954266,False,False
1730.6664130687714,0.521221524477005,762418908844252.6,1,0,False,False
1738.069216966629,0.5192593244049284,761681413989384.1,1,0.1098964071179579,False,False
1745.9830992221832,0.5172029906511306,761763142725128.6,0.9963258696527109,0.688559562269189,False,False
1753.5202782154083,0.5150046896272236,762374283331220.8,1,0.7492994549162564,False,False
1761.024230480194,0.5129110293918187,763534346005971.8,0.4095312240390006,0.7306620033988209,False,False
1766.6653079986572,0.5108265967501535,761076677547723.2,0.5118368045931176,0,False,False
1771.279512643814,0.5092596321635776,764515846585030.2,1,0.5892293220866455,False,False
1776.7195069789886,0.5079779088497162,761174021151039.8,0.9565196790807375,0.306247106115257,False,False
1781.3734340667725,0.5064667989148034,762393010101808.8,1,0.3274279307432139,False,False
1785.7532370090485,0.5051740413241916,763262798016654.8,0.6202784731117084,0.5494384514738049,False,False
1793.9226326942444,0.50395742893219,761997786924322.2,0.26041477238022503,0.2749411039138556,False,False
1802.00616979599,0.5016881529490154,762375797600739.0,1,0.7867563494166075,False,False
1810.282419681549,0.4994427253802617,762067265748641.5,0.33026740151734246,0.20930969936553945,False,False
1819.1435079574585,0.497143767674764,763336560930475.0,0.7969738237183434,0.745163561974138,False,False
1827.880788564682,0.4946823528740141,762208339775648.0,0.7774554056517512,0.1669053631912158,False,False
1836.224357366562,0.49225533194012117,760828379881863.2,1,0,True,True
1844.6997261047363,0.48993767592642046,761505558332242.0,0.562747288073931,0.26979225932281026,False,False
1853.0722575187683,0.4875834042496151,762152087582710.9,0.5342988974360077,0.08233863201848078,False,False
1862.0262694358826,0.485257701476415,762956652015828.0,0.9700888215880261,0.05562700104641883,False,False
1871.460375547409,0.48277047508292725,762883877258049.4,0.8544917888374248,0.18180933891143175,False,False
1880.0553534030914,0.4801498911115858,763095384630393.8,0.7610282345621933,0.4543357215638662,False,False
1888.4103634357452,0.4777623968654209,763122362251544.8,0.7373356999931326,0.2977635676484094,False,False
1897.493413925171,0.47544156041410235,761421556917734.8,0.8971233631233052,0.046994550253369946,False,False
1906.0634200572968,0.47291849076747894,762294816661303.8,0.9681581074968366,0.04199267788359772,False,False
1915.3320407867432,0.47053793410460154,762672289279971.6,0.5681393230510977,0.2071028700319196,False,False
1923.9312493801117,0.4679633172353109,763352565975090.0,0.7579147407164508,0.2910443394038748,False,False
1933.714593887329,0.46557464831405215,763414883939410.6,0.5992913151723112,0.2602881844144834,False,False
1943.0406823158264,0.4628570475843218,762095148684121.8,0.8186167558262994,0.3763428916402157,False,False
1952.5890748500824,0.46026645488209195,761547509147293.6,0.8927423845536487,0.10173109375468169,False,False
1962.0218522548676,0.45761414051055904,761986780244944.2,0.7720956776853413,0.3128482191312134,False,False
1970.7722153663635,0.4549939240349664,762740400175089.0,0.8947251295157019,0.28914152061437737,False,False
1979.8833827972412,0.4525632682111528,762269482087664.2,0.7159867327868537,0.27421931495889307,False,False
1987.7158222198486,0.45003238896528874,763023265658762.8,0.9639655137128784,0.40481278544316884,False,False
1997.2388725280762,0.4478567109505336,762585250156262.6,0.6472874794374873,0.36340216573007983,False,False
2006.7106308937073,0.4452114187346564,762056196070856.2,0.9764321338287573,0.17752899876233114,False,False
2015.7757246494293,0.44258037534024985,762046548707859.4,0.8506130699054532,0.09383687556890125,False,False
2024.6729238033295,0.44006229367521077,763231237898518.1,0.7727609468219186,0.0975662852807606,False,False
2034.2036290168762,0.4375908342334959,761892355768492.2,0.9157897921222774,0.031034835445817692,False,False
2043.5084319114685,0.434943430489964,763952832927856.8,0.6591924463659617,0.003322252136456226,False,False
2052.203031539917,0.4323587635490629,761885427782484.2,0.8429540273666667,0.027652775601908253,False,False
2060.3600442409515,0.42994359678692284,762249806219910.5,0.7604414623358803,0.33180509799018715,False,False
2068.3139629364014,0.4276777600579792,762204731028396.6,0.9244231158060933,0.05365118170598392,False,False
2075.814179420471,0.4254683377345403,762380080631931.6,0.5962825971406387,0.3421902568127916,False,False
2083.988311767578,0.4233849453926086,762853133459039.5,0.7789816315190006,0.14350792122017964,False,False
2091.7714903354645,0.42111435300774047,761832459366898.8,0.7174510975098163,0.021400409240606925,False,False
2098.476323366165,0.4189523587624232,762287319681238.6,0.6156608111579474,0.06121329485837509,False,False
2104.8253552913666,0.41708990573883054,762735102711067.1,0.7037490413884337,0.050998200603961305,False,False
2112.293599843979,0.41532628410392336,762046987783705.4,0.7766884203750379,0.22793939722743098,False,False
2118.863869905472,0.41325177252292633,762826412756704.1,0.9214127541807512,0.36821579247753633,False,False
2126.068614244461,0.4114266974396176,762799310181638.6,0.98484503650372,0.3433685817298656,False,False
2133.3517727851868,0.4094253800974952,760994427814086.2,0.8492350350092714,0.009494474985957006,False,False
2140.986438512802,0.4074022800392575,762334227956404.6,0.6240103831826209,0.1633980983292747,False,False
2149.112396001816,0.40528154015541074,762556802595486.2,0.6673821707104869,0.17428727054126114,False,False
2157.503029346466,0.4030243298080233,762205046513926.5,0.9811041808240225,0.34232385398715665,False,False
2165.2957689762115,0.40069359766112433,761993956455357.6,0.6146437848131823,0.18474945251287295,False,False
2172.90997505188,0.39852894663810734,762215551712608.5,0.9942885069495407,0.09306526698445322,False,False
2181.043831348419,0.39641389131546023,763073290116183.8,0.7627790428914296,0.08422249250985114,False,False
2188.851971387863,0.3941544859939151,762656923289624.9,0.8942601694687141,0.2791267941553106,False,False
2196.696321249008,0.3919855593310462,761643759398856.1,0.9138632900917538,0.1250468412376683,False,False
2205.0222868919373,0.38980657054318324,762221246793359.6,0.7421859055800846,0.2830595566785002,False,False
2212.5862803459167,0.38749380436208514,762413617815740.2,0.6195793900144275,0.29698700137071465,False,False
2220.0822443962097,0.38539269506931306,762600406394172.0,0.8790110167056324,0.14216445840903327,False,False
2227.87171125412,0.38331048250198363,762974099779124.4,0.863713524743337,0.3394062238307836,False,False
2236.863167285919,0.3811467420392566,762231293675530.8,0.9414291065639538,0.06586364952936323,False,False
2246.0047841072083,0.3786491151650747,761418653972919.6,0.8187633683722,0.2931195593692393,False,False
2253.906069278717,0.37610977735784323,762485821554836.4,0.7254257877596599,0.27399478821486084,False,False
2262.373658657074,0.3739149760537678,761882422408340.1,0.7728336397220182,0.3435442885734166,False,False
2270.7482149600983,0.37156286782688563,762309914084129.8,0.8404794458666603,0.15970655846987175,False,False
2279.159820795059,0.36923660192224717,761430251694216.9,0.7307487913057874,0.10056604021467548,False,False
2287.632618188858,0.36690004501077866,763214877129918.2,0.9037017117576681,0.13564592201706344,False,False
2297.058266878128,0.3645464902453952,762492847854661.8,0.7993192167562342,0.2921811372715149,False,False
2311.511497735977,0.3619282537698746,762951165927455.4,0.9084076852684941,0.12122499331657446,False,False
2319.680444955826,0.3579134678178363,762243209814566.0,0.6670588702696238,0.28250764606862977,False,False
2327.9253866672516,0.3556443163421419,762726206746126.5,0.7705487566268181,0.19332932075928252,False,False
2336.1465022563934,0.35335405409336085,763980280118226.8,0.7679024396293517,0.2696133645185581,False,False
2344.088824033737,0.35107041113906434,761735703648528.0,0.9735570411716173,0.2531024628141572,False,False
2352.33012008667,0.34886421071158513,762450509290029.0,0.8644203840496217,0.011720009360902279,False,False
2362.774611711502,0.34657496035099034,762536317575890.2,0.8438829685431025,0.268261199401971,False,False
2371.3558008670807,0.3436737136046092,762083568005337.8,0.6719253836222907,0.3277987780413192,False,False
2379.431026697159,0.34129004968537224,763100060021611.4,0.6712506340384381,0.24304366491829255,False,False
2386.931350708008,0.33904693192905855,765841280743942.4,0.9903102383631274,0.07487004366781505,False,False
2394.0728104114532,0.33696350806289244,761740776472464.1,0.7304590971974142,0.10107696725108348,False,False
2401.422194957733,0.33497976938883467,762321315377640.5,0.8160850385298335,0.13115387434145334,False,False
2408.552964925766,0.33293827394644415,762189595015579.4,0.7543645180743104,0.09628961262437936,False,False
2415.4990072250366,0.3309575029876497,763113014334930.1,0.9852791742791627,0.027532229020879227,False,False
2422.1923513412476,0.3290280479855008,762935693964704.9,0.9970187526922178,0.17373395394013527,False,False
2427.896384239197,0.3271687867906359,762487386089894.9,0.8351160258884451,0.26784848212982065,False,False
2434.41756272316,0.32558433274428045,763043419534563.8,0.9889690946856311,0.2651090826772178,False,False
2443.366226196289,0.3237728947401046,761208805059495.8,0.8678556152956519,0.20217353004365526,False,False
2453.672417163849,0.3212871544890934,762410245906925.1,0.8947862779625976,0.11864995356450334,False,False
2462.5220370292664,0.3184243239296807,762891877912420.5,0.9203468150685927,0.22798016829013443,False,False
2471.2728505134583,0.3159660955932405,764481936016834.6,0.7015904001244315,0.03723727609360168,False,False
2479.79203748703,0.31353531433476345,762845996268827.0,0.9997750389500119,0.2627821103290796,False,False
2488.8863532543182,0.3111688686079449,761794826987401.4,0.9569802826782356,0.02899359485088194,False,False
2496.8680307865143,0.30864267468452455,762558928953877.4,0.720448108099748,0.2051675841894212,False,False
2504.680496454239,0.3064255423016018,762016921228398.6,0.8038319067079185,0.006183738040132338,False,False
2512.986314535141,0.30425541341304774,763026000755963.6,0.8955708246027452,0.05552791956492207,False,False
2521.402720928192,0.30194824132654396,762655373029178.9,0.7632749192658171,0.16647710254177106,False,False
2530.1187043190002,0.29961035046312545,761570463414900.4,0.7424666779374651,0.06325522846788596,False,False
2538.1305696964264,0.29718924403190616,762737314211735.2,0.9646519482373921,0.18609318403514954,False,False
2545.9686408042908,0.29496372580528263,762714309076336.6,0.784367284365742,0.19873510991805018,False,False
2554.170075893402,0.2927864838308758,760825606686982.0,0.8776122777525596,0.08788309227225596,True,True
2561.1609671115875,0.29050830927160054,762521463605039.9,1,0,False,False
2569.570939540863,0.2885663937197791,761907355968883.4,0.8212770202727877,0.1196308478629552,False,False
2577.4761826992035,0.28623015284538267,761826604739587.1,0.6828367407981731,0.038486499793927494,False,False
2584.9013459682465,0.2840343726343578,763083042908612.2,1,0.34613758995605326,False,False
2592.891600370407,0.28197184224923455,761604017431383.2,0.7464130879972161,0.29796954706658874,False,False
2600.562010526657,0.27975232832961616,761918332219657.8,0.8945623739363062,0,False,False
2608.4232811927795,0.27762165652381054,763016033549636.1,0.622134029549885,0.13554283594092045,False,False
2616.4196088314056,0.2754379728105333,763029548006501.8,1,0.28256076679160047,False,False
2624.0015773773193,0.2732167704900106,763390523491497.8,0.7434467429291124,0,False,False
2632.3473205566406,0.27111066785123616,762955871189940.5,0.7908434699259477,0.3180870938634948,False,False
2640.643423318863,0.26879240559207074,763747207115296.1,0.6480708075109487,0.3043713379836767,False,False
2648.0481560230255,0.26648793339729304,761837510598685.6,1,0.06870871498194268,False,False
2656.00492310524,0.26443106326791976,762050552759345.6,1,0.30788825828352534,False,False
2663.5124521255493,0.2622208497259352,763225754339671.9,0.8552531767211227,0.32100921926088555,False,False
2671.868004798889,0.26013542539543577,763335139118223.1,0.8172271519324725,0.07366603132530203,False,False
2679.3434586524963,0.25781443741586474,762188325063770.4,1,0,False,False
2687.6580572128296,0.25573792199293777,762421692464400.4,0.8516453008025405,0.2840993746461755,False,False
2695.2641367912292,0.25342831240759955,762294764447580.0,0.6445852134231678,0,False,False
2703.315291404724,0.2513155124584834,762718646373908.2,0.9571180279730738,0.09105797477922802,False,False
2711.1466562747955,0.24907908121744793,761887825813799.5,0.7544702974240589,0.27445975528090905,False,False
2719.305025100708,0.24690370149082608,763503957602973.0,1,0.3091411182423782,False,False
2726.885745048523,0.24463748878902858,763057630990221.8,1,0,False,False
2734.0208213329315,0.24253173304928677,761435684366352.0,0.8425761438371484,0.006526888874424527,False,False
2741.4526813030243,0.24054976741472878,761860325129499.2,0.8003736278324124,0.12790231253519502,False,False
2747.783763885498,0.23848536186748082,762318109182842.1,0.7090276596243231,0.20442252447930725,False,False
2755.4809165000916,0.23672672755188418,761544620614594.5,0.8019041092776527,0.2149247306284816,False,False
2763.437229156494,0.23458862973584071,763772279930382.0,0.9711221157652036,0.24402293680927656,False,False
2771.257917881012,0.23237854195965657,762718231976767.0,0.8285635795441807,0.2434274046312279,False,False
2778.3116207122803,0.23020612915356953,762340803719930.4,1,0.008742179407853032,False,False
2786.359749317169,0.22824676685863066,763373763732317.4,0.9279028665159809,0.2568044855305994,False,False
2794.4201893806458,0.22601117551326755,763203076086190.4,0.8028802248678879,0.02192663003058272,False,False
2802.3146665096283,0.22377216511302522,763014781074394.9,0.6805754283003638,0.037092881415820664,False,False
2810.5879759788513,0.22157925234900577,762721139807412.1,1,0.2967771144361051,False,False
2818.7659418582916,0.21928111255168914,762181393106006.6,0.8438325977334913,0.0526438697854394,False,False
2826.8870463371277,0.21700945556163787,762949198178244.1,1,0,False,False
2834.8721861839294,0.21475359267658656,761850348984945.0,0.8174851657412203,0.26363092890096723,False,False
2842.7885839939117,0.21253549820846984,763173322112548.6,0.6915536911382661,0.0734295510240364,False,False
2850.455837249756,0.21033650014135574,761190691234691.0,0.9318993672374617,0,False,False
2858.9935817718506,0.20820670750406056,762245364453762.2,0.9571323718687063,0.1491798310409499,False,False
2868.6517748832703,0.20583511067761318,761936046011341.2,0.7195591903519538,0.028588272832711835,False,False
2877.419729232788,0.20315228018495768,761894229583805.5,0.8104112700358711,0.24027152188295045,False,False
2885.639824151993,0.20071673631668085,762369175774559.6,0.9853890400369598,0.11837240182110992,False,False
2893.994886159897,0.1984333772129483,763290933958859.4,0.6816677218563391,0.09680475477760912,False,False
2902.1681051254272,0.19611252632406018,763359906730652.0,0.9908497835593129,0,False,False
2909.9798069000244,0.19384218831857047,762818464737136.2,1,0.2767782564315853,False,False
2917.2759051322937,0.1916722702317768,762876699931170.0,0.9488656626836965,0,False,False
2925.3594970703125,0.18964557574854957,762155810766007.4,0.8547406893100022,0.20125988829971844,False,False
2933.2220327854156,0.18740013453695514,761977064225594.6,0.7569956614533015,0.013828360877992593,False,False
2942.902952671051,0.18521609630849623,761928497413292.1,0.967692903098847,0.08703755581433417,False,False
2952.8046491146088,0.1825269522269567,762578837763993.4,0.8940948244586311,0.098194055589434,False,False
2961.3104112148285,0.1797764816549089,763279506881312.5,0.8639341995944304,0,False,False
2969.254481077194,0.17741376949681176,761173629687810.6,0.9605513694202561,0.0046785440076794055,False,False
2977.2425558567047,0.17520708176824784,761978158004993.0,0.9707483145386009,0.1070026943710996,False,False
2985.3227677345276,0.17298817449145842,762459465161352.2,0.9365895612599072,0.22880825704706398,False,False
2993.079934835434,0.17074367072847152,762530248302784.0,1,0.16924064394143776,False,False
3000.5607821941376,0.16858890248669522,763312121780037.2,0.9059786570248114,0.11745170567215742,False,False
3008.0830516815186,0.16651088807317949,762172686554509.4,0.9428155139597145,0.11073604781903514,False,False
3015.725308895111,0.1644213699632221,762955756341403.8,0.8229052583527539,0.062125807663088305,False,False
3023.7512395381927,0.1622985203398598,762940956876055.6,0.9657379106672548,0.17138966054192573,False,False
3031.115211725235,0.1600690950287713,762575377121970.6,0.8916575551792236,0.2473611021614498,False,False
3038.2348821163177,0.15802354680167308,761961790029783.8,0.8676317726643428,0.16737505219325477,False,False
3044.458428144455,0.15604585998588139,761853211749335.5,0.9591458059471744,0,False,False
3050.031029701233,0.15431709865729015,761807374158897.6,0.877630721986298,0.10942659759591028,False,False
3057.6537120342255,0.15276915199226804,762728743628307.6,0.8015110759381515,0,False,False
3067.1692011356354,0.15065174135896897,761951149231664.2,0.9121319648173146,0.07781158311984572,False,False
3074.7488951683044,0.14800855040550231,763856309079736.0,0.8387458441992323,0.03142274797679201,False,False
3083.880737066269,0.1459030790461434,763309274271660.2,0.9814958881897673,0,False,False
3092.5669617652893,0.14336645729011954,762167444979858.8,0.8229179782152113,0.0765248213377049,False,False
3100.2894344329834,0.14095361736085676,761706863547281.0,0.8987481784465925,0.02262899818269369,False,False
3108.303983926773,0.13880848520331912,762324588954926.2,0.9856423078598664,0.1618223481583878,False,False
3115.728312253952,0.13658222198486325,762670395268211.4,0.7874633276040732,0.12207508812153092,False,False
3123.634297847748,0.13451990875932907,763086841747647.5,0.8845404119898495,0.10261909415826843,False,False
3131.9894070625305,0.13232380145125922,762146152896598.1,0.9133215334447728,0.15977808550632888,False,False
3139.7916672229767,0.13000293771425886,761652473161577.2,0.7761677468117901,0.0777418134070089,False,False
3148.0861344337463,0.1278356433577008,761787656863000.2,0.8211597880232284,0.11035183466506837,False,False
3155.755611896515,0.12553162455558775,763685507039093.6,0.8915789137957933,0.20268750921308865,False,False
3163.0354146957397,0.12340121428171791,763099616116169.4,0.9987977888210546,0.17263028567043465,False,False
3170.765150308609,0.12137904604276017,761402369737813.6,0.8314110393700793,0,False,False
3178.5116221904755,0.1192318969302707,762452348955490.5,0.8389459147730165,0,False,False
3186.8118183612823,0.11708010037740069,762357125664819.2,0.8357831326188563,0.12377095502782523,False,False
3194.6703391075134,0.11477449019749963,762509497545750.0,0.9302552239940628,0.19112091053750813,False,False
3202.2315912246704,0.11259156790044578,762896859317008.4,0.8087189081932205,0.018683316215372697,False,False
3210.42235827446,0.110491220023897,763191858857339.6,0.8220859100318848,0.1720801431618683,False,False
3217.801611185074,0.10821599192089504,762080899668852.8,0.8785056778668535,0.18344241637608882,False,False
3224.934685230255,0.10616621341970234,762630249072696.8,0.8379784198476937,0.06352145640556744,False,False
3232.356964111328,0.10418480376402539,761645426938445.8,0.9231868111280441,0.0019330880770332959,False,False
3239.891944169998,0.10212306035889518,762352119051386.2,0.9502641620059278,0.015230052689882312,False,False
3247.898319721222,0.10003001007768841,762191061263788.9,0.9476242867523813,0.1789565102228204,False,False
3255.956030368805,0.0978060172663795,762145402419721.1,0.9331122900666557,0.119282240049937,False,False
3263.8433616161346,0.09556776470608186,762047719211186.4,0.9524021580213856,0.05148330309196532,False,False
3271.200922727585,0.09337683863110013,761566972062687.5,0.942899969556342,0.02286283923812521,False,False
3278.4010248184204,0.09133307145701519,762222038423351.8,0.8357242305962134,0.13980741855960901,False,False
3285.8504979610443,0.08933304369449613,761865406109288.1,0.8165419845046832,0.14156528516318234,False,False
3293.4518008232117,0.08726374586423236,761003710006562.5,0.9014056659248467,0.03904709836081635,False,False
3301.390034675598,0.08515227244959933,762542758000669.0,0.811911644757662,0.034220335046840494,False,False
3308.6613993644714,0.08294720815287693,762309011425990.6,0.8337521352737104,0.015592459343555201,False,False
3315.8957340717316,0.0809273843632804,762091164765077.8,0.8521281271371924,0.08999653788527541,False,False
3323.9121191501617,0.07891784701082438,761168237776603.4,0.9113364220360344,0.09783221166406722,False,False
3330.285950422287,0.07669107165601519,762698338845099.0,0.8161660489822299,0.03611184723029278,False,False
3335.802662372589,0.07492056376404232,761982349732170.4,0.8148096940972133,0.013839712869633758,False,False
3340.776307821274,0.07338814430766638,762370333660652.0,0.8082677955179254,0.07838266841886335,False,False
3344.7882521152496,0.07200657612747619,761128327292744.2,0.8490780629653982,0.03395160203071861,False,False
3349.403037071228,0.0708921474218368,761399391248053.8,0.9032283496320227,0.13185183987497334,False,False
3357.0468978881836,0.06961026198334164,762191799198349.6,0.8140076930227477,0.147409881275592,False,False
3364.524353981018,0.06748696804046628,761831018788907.8,0.870045475727202,0.06429357002523453,False,False
3372.6517295837402,0.06540989392333563,761830520831154.5,0.8456982094477117,0.12069642038314733,False,False
3380.4407665729523,0.0631522914436129,763925512281240.8,0.9015835815028184,0.1364202546296827,False,False
3387.6561183929443,0.060988670984904014,762894091608234.0,0.8269134951636604,0.13734630913296456,False,False
3395.362767457962,0.058984405994415234,763925165516351.9,0.9231279723818173,0.05558080798301511,False,False
3403.0151765346527,0.056843671070204826,761801912925508.2,0.8495783897903421,0.05879824902235754,False,False
3410.916918992996,0.054718001749780476,763838076317480.6,0.8689251558846846,0.0857028302763452,False,False
3419.266605615616,0.052523073156674704,761950556931483.5,0.853794773676321,0.10503295981248409,False,False
3426.7943036556244,0.050203716092639517,762825290095623.4,0.9083480398964087,0.12678635503597596,False,False
3436.7692692279816,0.04811268819702996,762167076094640.8,0.8895903960066347,0.09651734629438345,False,False
3445.938680410385,0.045341865221659394,763006681944722.2,0.8478700825605578,0.07338193706556927,False,False
3453.1738183498383,0.04279480655988055,763569103216722.8,0.884307122509674,0.04709436707772445,False,False
3461.190009832382,0.04078504463036858,762740036382737.6,0.8711366801824378,0.059174903812849636,False,False
3468.5726187229156,0.038558325767517054,761724686505127.8,0.861884041828356,0.0861537506384971,False,False
3476.1737258434296,0.03650760081079274,763596204407921.1,0.8619211252003977,0.06519508545195143,False,False
3483.982212305069,0.0343961825635698,762531143171536.9,0.8755037997354621,0.11581183604983442,False,False
3491.6290349960327,0.03222715602980719,761570422289064.8,0.8982680401197631,0.08024339717212499,False,False
3499.554531097412,0.030103040734926867,762211086663020.8,0.876015521864994,0.09315768952983454,False,False
3507.5216901302338,0.027901513841417147,762994738100208.8,0.9049729173738775,0.10473814595423572,False,False
3515.3283207416534,0.025688407553566828,761653574245313.0,0.8921658511534099,0.08364128438951127,False,False
3523.1450147628784,0.023519905805587715,762366577474757.6,0.8724972517231263,0.09622843514492242,False,False
3531.437470436096,0.021348601844575654,762343995862055.1,0.883015625707155,0.10452547308462712,False,False
3539.8549947738647,0.01904514107439248,761417709372442.2,0.885156932168007,0.09046577585179626,False,False
3547.579557657242,0.016706939604547277,764028614141515.5,0.8648694172252398,0.08132188430740542,False,False
3554.8274359703064,0.014561228685908811,762605495639510.6,0.8840505158174853,0.07577981748459008,False,False
3562.213421344757,0.012547929022047266,761967661701777.6,0.8823839175096745,0.09114442795281287,False,False
3569.8000404834747,0.010496267477671295,761953872757961.2,0.8711155359804488,0.0910728021467355,False,False
3576.9576835632324,0.008388873272471953,762137033727315.4,0.8694389132505322,0.09623256711207649,False,False
3584.7990107536316,0.006400638487603971,763163013642399.6,0.8717111601618943,0.08906320490472032,False,False
3592.943208217621,0.004222491251097749,763237870952043.8,0.8790175418180264,0.08907373407482205,False,False
3600.595011472702,0.001960215303632995,761860946045154.2,0.8769779582183156,0.08968161840236522,False,False
26.097142934799194,0.9959326775868734,6151342549512.541,0,1,True,True
40.47337889671326,0.9927507903840807,6184814815868.875,0.917276031053786,0.6800742819493513,False,False
53.5713095664978,0.9887573892540402,6207445487465.402,0.35440066728948405,0.7785839399861438,False,False
67.3140697479248,0.985119072066413,6230546142423.748,0.6499092504895351,0.26219438968002473,False,False
82.95115542411804,0.9813016410668691,6163861258556.172,0.18323969022579745,0.4237098153339317,False,False
99.13400506973267,0.9769580066204071,6177499313955.211,0.5850596837857719,0.7753035762707531,False,False
114.3319091796875,0.9724627708726459,6251476073654.274,0.6295863933461007,0.16001874727968624,False,False
127.50687432289124,0.968241131040785,6140647576881.737,0.7037639081392488,0.9554115884407018,True,True
142.48351287841797,0.9645814200904634,6127810253533.381,0.28079627185566747,0.5965220335207938,True,True
156.52147459983826,0.9604212378793293,6128913546393.831,0,0,False,False
173.00917625427246,0.9565218076441023,6294739630836.12,1,0.3301038667726322,False,False
185.19831800460815,0.9519418903854158,6145401758003.311,0,0.7132200420707588,False,False
198.07846093177795,0.948556017809444,6247511719502.363,1,0.47401198172569914,False,False
210.46215748786926,0.9449781939718458,6111266679777.161,0,1,True,True
225.5660436153412,0.9415382860104243,6124698777586.755,0.2541784244491187,0.7319577079199964,False,False
240.52204585075378,0.9373427604966693,6219671479591.727,0.38652958735224063,0.09069824412663052,False,False
252.39214420318604,0.9331883155637317,6143108276663.222,0.23844803685794141,0.9746018279858539,False,False
268.0316767692566,0.9298910655577978,6187269658578.53,0.8120992631035092,0.6185225671905472,False,False
287.82154631614685,0.9255467514197031,6180328032459.09,0.704114250116339,0.6953125754176634,False,False
300.3935182094574,0.9200495634476343,6142620472933.46,0.08384194029986701,0.7324772480516463,False,False
318.37048745155334,0.9165573510196474,6160582714387.686,0.4992297813045758,0.5615679531345686,False,False
329.98952317237854,0.9115637487835354,6283836329764.324,0.8692920547335032,0.10093579273270825,False,False
344.54464983940125,0.9083362370729446,6203543373262.545,0.6303962177689794,0.20070568341216677,False,False
360.1865265369415,0.9042931475904252,6329999976806.553,0.7648017112911728,0.18974179986783946,False,False
373.6783244609833,0.8999481820397907,6203204293793.167,0.2656601996160632,0.771473778995041,False,False
392.06233167648315,0.8962004603279962,6146711010208.109,0.40911402547100106,0.776490871765058,False,False
410.1000928878784,0.8910937912596597,6154780320331.405,0.3766256318075798,0.49262841997734785,False,False
424.6054470539093,0.8860833018355899,6222100378472.329,0.5475733586685392,0.6171961039994707,False,False
440.9672074317932,0.8820540373192893,6239480248212.07,0.8477573214274087,0.34058289670443953,False,False
455.0347249507904,0.8775091040796704,6164642577625.004,0.1864888530276131,0.896653320304602,False,False
468.78373289108276,0.8736014476749632,6163037501895.851,0.001007319513964511,0.31100028949902825,False,False
481.4354865550995,0.8697822909884982,6162607014492.909,0.6459268137408559,0.9169560571838224,False,False
495.82585048675537,0.8662679135137135,6166575928931.382,0.0650798344167157,0.5639543233242852,False,False
510.71914553642273,0.8622705913914575,6218498253296.984,0.7107527763312713,0.8297488399057824,False,False
524.9731004238129,0.8581335655185911,6155221888666.752,0.42719163293491447,0.8483757532064123,False,False
543.9958326816559,0.8541741336054272,6205285547962.362,0.7954166250106577,0.5139495584331737,False,False
559.0444169044495,0.8488900405830807,6130618444554.189,0.13497711185378977,0.6285765207319285,False,False
585.0131914615631,0.8447098774380154,6133353409926.438,0.0077183194697855555,0.586478978462988,False,False
616.8083028793335,0.837496328552564,6140647518406.463,0.055346513953874285,0.3598904561854307,False,False
630.6166043281555,0.8286643545495139,6152693128655.047,0.06570634840855537,0.7942176657596717,False,False
648.1674847602844,0.82482871638404,6157015417782.837,0.544920622190082,0.6944714170713194,False,False
666.1406228542328,0.8199534716208776,6197632172962.873,0.5368427522515531,0.3394496884074365,False,False
682.7713689804077,0.8149609327978558,6136081154736.811,0.07189930910350556,0.6238193656664383,False,False
697.1608693599701,0.8103412814272775,6138414270196.198,0.21049639736584733,0.617100001259864,False,False
709.8108010292053,0.8063441978560554,6152375730654.6045,0.16235833895385723,0.7631970837703866,False,False
718.4512252807617,0.8028303270869785,6143722486993.573,0.5297897629438131,0.9515589326850461,False,False
730.1106162071228,0.8004302099015977,6235786814083.436,0.0326848774386945,0.7549068873208136,False,False
743.8942902088165,0.7971914903985129,6166391610481.011,0.2021054739407398,0.3202647486119229,False,False
755.1793937683105,0.7933626912699805,6169108744498.126,0.5393109717523713,0.9860581218062612,False,False
767.8456838130951,0.790227940943506,6132165778551.334,0.2549917177669906,0.9386587939067266,False,False
781.5338752269745,0.7867095267110401,6174231713714.58,0.4240140808033523,0.6272011137436058,False,False
794.2547643184662,0.7829072519805697,6122588850759.815,0.1701248643455271,0.5821255692301384,False,False
806.5940818786621,0.7793736711475584,6153458815011.529,0.02597225877801716,0.5264653597945088,False,False
819.3249518871307,0.7759460835324393,6164805362260.741,0.37109154891329293,0.4840487251196133,False,False
834.1586661338806,0.7724097306860818,6175282081242.046,0.6927069601946647,0.6557790917156221,False,False
846.5661141872406,0.7682892545726564,6125177988890.998,0.08694444516155167,0.8519988442880627,False,False
859.8192136287689,0.7648427412907283,6209287462042.041,0.3323501199842255,0.3233863194766555,False,False
876.16960978508,0.7611613244480557,6132010000356.016,0.32266554584689583,0.8117947292966516,False,False
891.9701418876648,0.7566195474068323,6179439082424.454,0.2851736800106454,0.25653952529526336,False,False
909.5595650672913,0.752230511241489,6192731714819.146,0.4722831513626965,0.4733730350800075,False,False
924.563060760498,0.7473445599608951,6128148689369.686,0.23366706406323842,0.34553147817820484,False,False
942.623425245285,0.7431769196192424,6157003365366.454,0.31865928416622524,0.45096130779764254,False,False
959.798914194107,0.7381601491239336,6175807731373.533,0.4004660681734359,0.9808671690702009,False,False
980.4355144500732,0.7333891852696737,6134195326246.295,0.14105935474570155,0.5908398346796746,False,False
996.6083540916443,0.7276567967070473,6232938316937.056,0.5965314202018326,0.6076478532547056,False,False
1012.7381508350372,0.7231643411186006,6172395559680.318,0.500851733850105,0.48860053259780767,False,False
1027.0146312713623,0.7186838406324387,6157780597523.745,0.11428651135702396,0.4288907671967833,False,False
1042.6145737171173,0.7147181522183947,6133161234794.1,0.3157483511020097,0.7631546171549908,False,False
1055.3063118457794,0.710384835600853,6130441238168.942,0.033714950719438794,0.3157753843438209,False,False
1071.0009353160858,0.7068593529197904,6170638912333.186,0.4424257850153327,0.7037227359077636,False,False
1084.56112408638,0.7024997350242403,6205848134142.799,0.36909151682228564,0.5742241353100126,False,False
1094.4415919780731,0.6987330160538355,6126013689944.397,0.034924188589095864,0.3604565712035749,False,False
1107.253246307373,0.6959884415070217,6185198885409.351,0.6001710477094656,0.468303437016121,False,False
1122.5233147144318,0.6924296486377717,6154763859641.865,0.6627444581819685,0.9038906586665653,False,False
1137.7187929153442,0.6881879623730978,6205854887938.558,0.4909764467342933,0.4885085921449356,False,False
1158.5407965183258,0.6839669969346789,6137209093782.423,0.6227038724460616,0.8186717885050551,False,False
1175.9520947933197,0.6781831069125069,6148916579667.357,0.3118601866873861,0.8527495432549235,False,False
1190.8153772354126,0.6733466352356805,6138187303180.249,0.20221086668028346,0.5867795489308916,False,False
1205.5513532161713,0.669217944542567,6190945491257.244,0.39785647527,0.44643243784838715,False,False
1218.3355996608734,54.927398681640625,0.9924939917193518,6126316025470.988,0.7803478412103355,1,True,True
82.26809215545654,0.984742386009958,6136098431266.444,0.137869964512648,0.5207253861302256,False,False
113.8430712223053,0.977147423889902,6282401189765.334,1,0.26329864056451435,False,False
0.665124619073338,6132781417321.888,0.038366880046417404,0.4312922866999055,False,False
1231.0492351055145,0.6615734224849277,6122017145123.935,0.12735729082721978,0.6598483094018226,False,False
1245.5873703956604,0.6580418719185723,6184803199055.264,0.5545430606456946,0.5850690173035356,False,False
1261.6229977607727,0.6540035021967359,6177295753779.315,0.4708556698301673,0.41412498337275283,False,False
1275.5680849552155,0.6495491617255741,6131406389286.303,0.5045449078452413,0.963615892605114,False,False
1288.79860496521,0.6456755264600118,6172648965659.737,0.1347128768923072,0.9309254075311542,False,False
1301.9514725208282,0.6420003822114733,6196410055271.025,0.3925269531285651,0.8582947419142447,False,False
1314.430204629898,0.6383468082878325,6140281978949.728,0.05598291424478228,0.46855436023726404,False,False
1328.1657545566559,0.6348804933494991,6188399334349.689,0.5948571684997311,0.5906330095044876,False,False
1341.1679799556732,0.6310650630791982,6196660125782.3545,0.19958274846195562,0.8929889566744589,False,False
1354.5083668231964,0.6274533339341481,6123841179772.021,0.4855269380151277,0.789090036235033,False,False
1367.0981709957123,0.6237476703855727,6137629958954.912,0.08927118734537914,0.540209814065614,False,False
1384.4563465118408,0.6202505030234655,6178223282035.13,0.3892041163057573,0.5686718757042905,False,False
1395.4985070228577,0.6154287877347735,6154000069499.886,0.31653473800735304,0.9049153754513134,False,False
1407.316490650177,0.6123615198665195,6118841272909.379,0.07830253160994978,0.5554788712360963,False,False
1418.325103521347,0.6090787474314372,6132181524629.9795,0.45164128667416525,0.9740642251416942,False,False
1428.51655960083,0.6060207996765772,6183079330643.248,0.22694769951981167,0.7713374206998735,False,False
1443.078131198883,0.6031898393895891,6163031595876.677,0.2414729429322764,0.5972934159332689,False,False
1457.697551727295,0.5991449584563573,6169957372066.51,0.2134288040045215,0.7770699360565912,False,False
1472.174597978592,0.5950840078459846,6175991756331.858,0.342302781037457,0.47180746484437497,False,False
1485.5512878894806,0.5910626055796941,6154870964232.92,0.10253017358966392,0.761962438999165,False,False
1496.8332362174988,0.5873468593756358,6136551544568.325,0.09666612601174547,0.8936398145806899,False,False
1509.7611944675446,0.5842129851712121,6164732346142.236,0.036511338009174346,0.5508058714531672,False,False
1522.8174245357513,0.5806218847301271,6147170429255.15,0.1776480193873246,0.8196159000828322,False,False
1535.5799572467804,0.5769951548178991,6162209108893.84,0.36550721056854174,0.9506774175857456,False,False
1549.2206494808197,0.5734500062465668,6143491027590.604,0.3092490564332759,0.5104746730861817,False,False
1560.9508602619171,0.5696609256002638,6130583711920.339,0.07217405862450325,0.5213957773037348,False,False
1572.2732048034668,0.5664025333854887,6122922876591.102,0.19033326276722837,0.9360313238381998,False,False
1585.4118010997772,0.5632574380106397,6184622448901.167,0.46208477866731285,0.6009280487505548,False,False
1597.97119140625,0.5596078279945585,6180085202052.769,0.41902224401966637,0.9169728874789169,False,False
1611.7427484989166,0.5561191082000733,6147099737943.326,0.5315152248312383,0.8078046042787922,False,False
1624.420649766922,0.5522936760716968,6188819198311.118,0.5129168759030955,0.5697050945567149,False,False
1635.3057069778442,0.5487720363669926,6179697418040.206,0.506684621087543,0.9166295535246173,False,False
1646.663498878479,0.5457484094301859,6181579440805.809,0.11053770693020087,0.8801823046301094,False,False
1659.2552092075348,0.5425934675004747,6219262998737.369,0.12985633597313143,0.9316792462167276,False,False
1673.061071395874,0.5390957695245743,6164511705325.156,0.2899080261454284,0.7973156327555609,False,False
1685.6440949440002,0.5352608080042733,6121734764804.449,0.4553770391584196,0.8548124126781413,False,False
1700.7153306007385,0.5317655238840315,6150017033932.0625,0.47740258451532525,0.7226593598851824,False,False
1723.8543903827667,0.5275790695349376,6205424604839.195,0.4222283575195203,0.5750561418694451,False,False
1753.3061578273773,0.5211515522665447,6145687069578.946,0.4752850487420617,0.8043442754342244,False,False
1780.86225771904,0.5129705065488815,6145649736552.48,0.14562910057293493,0.9605988872833844,False,False
1809.608615398407,0.5053160335620244,6166673967978.153,0.42006523413263736,0.8189457713470363,False,False
1836.4022505283356,0.4973309347364637,6175287569143.014,0.2957045061552053,0.6510967551172407,False,False
1853.9740931987762,0.48988825877507525,6161442767102.045,0.38863110170781245,0.7013288149247985,False,False
1867.1553263664246,0.48500718673070276,6157731657069.982,0.354622709402331,0.8793465332399084,False,False
1880.126728773117,0.4813457347949346,6142446230546.628,0.2864650144279285,0.8805643984254233,False,False
1895.3698012828827,0.47774256951279115,6145825890693.138,0.15058682997511255,0.8637673344122846,False,False
1909.4105474948883,0.47350838277075025,6133667410122.753,0.12004063521386481,0.8090533415639125,False,False
1923.679267168045,0.4696081753571828,6150526280133.693,0.1070244787151564,0.9168639228782712,False,False
1936.0564804077148,0.4656446430418226,6121609641904.966,0.01826871396259005,0.7695517645691177,False,False
1949.3095529079437,0.46220652739206947,6138608312767.792,0.19691445079343806,0.718334315322952,False,False
1963.4268441200256,0.4585251189602746,6193925892892.082,0.2481106485937116,0.7526818632368449,False,False
1978.756754875183,0.4546036493778228,6161983915619.432,0.07103981579106423,0.7121749196976774,False,False
1993.9896297454834,0.45034534050358666,6142356475898.883,0.3036346171222833,0.744209719357902,False,False
2008.5139298439026,0.44611398670408464,6143478495940.974,0.19053867419815493,0.6522316192899243,False,False
2023.017727136612,0.44207945843537644,6144464744238.19,0.12827777277246774,0.8232595160802804,False,False
2038.476688861847,0.4380506238672468,6144793736931.201,0.42118499579826196,0.7344211591345116,False,False
2052.6587369441986,0.43375646928946177,6187479238682.541,0.3384691185094329,0.5817209150278233,False,False
2063.8107929229736,0.4298170126146741,6128738360956.313,0.12608722411674947,0.746461091160679,False,False
2074.0012726783752,0.4267192187574175,6132337804420.197,0.060823622923506744,0.8962554618846452,False,False
2087.2731573581696,0.42388852987024517,6220386203294.764,0.21136121154097381,0.6402299067023574,False,False
2101.2626626491547,0.42020189589924284,6128359476018.951,0.29814676824925324,0.5826355548658613,False,False
2113.8566102981567,0.41631592233975734,6160542265007.403,0.24468505199616866,0.9356118862951673,False,False
2125.548385620117,0.41281760255495703,6161844863263.143,0.037286462706983554,0.6349753177075479,False,False
2138.3072044849396,0.4095698874526553,6134803585660.976,0.1379535367466733,0.75129208514717,False,False
2153.0304770469666,0.40602577050526933,6149864036682.462,0.11029747100631676,0.9637573784713515,False,False
2164.9271314144135,0.4019359735647837,6129922751286.375,0.056305456562030044,0.8541185454512072,False,False
2177.6116156578064,0.3986313468880124,6125608362518.313,0.1684051393646994,0.9399561489378594,False,False
2189.219830751419,0.3951078766584396,6200271757478.027,0.34915694332360603,0.9595095817003022,False,False
2201.8215913772583,0.39188337498241,6270616167349.245,0.29751450869313245,0.8304885930364005,False,False
2217.686141729355,0.38838288512494834,6145345924644.541,0.20414493584226606,0.6145641458893062,False,False
2229.1571106910706,0.38397606571515397,6190117833608.575,0.014314656900624003,0.9925494641333464,False,False
2240.8624210357666,0.38078968425591786,6165034357610.773,0.0760708920374487,0.74478248258192,False,False
2253.3003838062286,0.3775382111469905,6131776094579.943,0.29455277634593957,0.7248076292003629,False,False
2264.8401188850403,0.3740832211573919,6141761038163.419,0.22320493237163413,0.8997951483169206,False,False
2276.413256406784,0.37087773958841963,6134531032144.381,0.11454487459928923,0.9394112622628067,False,False
2290.294061899185,0.3676629794968499,6167052567143.835,0.21973646893170068,0.7267752764591043,False,False
2303.199916601181,0.3638072001934052,6151826833192.99,0.2983580224077143,0.9407011402519234,False,False
2317.020817756653,0.36022222538789117,6184618848691.349,0.2838719579864825,0.7164427872583783,False,False
2328.28990650177,0.3563831009467443,6168052725155.478,0.05493440161268078,0.8665894670967389,False,False
2341.363029718399,0.35325279792149866,6159878281730.709,0.31552941288281733,0.6648539592943203,False,False
2352.552989959717,0.3496213754680422,6177956959588.993,0.2564486505433666,0.854883394386863,False,False
2364.1993641853333,0.3465130530463325,6129908794671.938,0.04905492458007762,0.7481116402127166,False,False
2373.705983877182,0.3432779492272271,6160195948311.481,0.13879606011035645,0.7141163272072482,False,False
2384.7236893177032,0.3406372216012743,6131246233362.629,0.3120447176465054,0.9492625593793235,False,False
2400.552564382553,0.33757674780156877,6152984381814.545,0.10320078436743597,0.7079595618743277,False,False
2415.334206342697,0.33317983812756014,6154708375546.204,0.22103226646953222,0.8207022924483561,False,False
2427.089973926544,0.32907382607460023,6150738689969.869,0.03921912906731657,0.7885405154176006,False,False
2439.019779443741,0.325808335410224,6142886047701.083,0.0666358344083517,0.7901340118121152,False,False
2451.613067150116,0.3224945004118813,6210797426612.305,0.22964035444749892,0.7734467282692006,False,False
2463.110316991806,0.3189963649378883,6165856573630.924,0.07608588872695461,0.7563963206627264,False,False
2475.0348405838013,0.3158026848898994,6127591495797.42,0.03202084548368188,0.6954952195749851,False,False
2487.663850545883,0.3124903159009086,6155892486565.488,0.044791524704902795,0.9330284760106752,False,False
2499.0164964199066,0.30898225857151884,6155824366686.436,0.034990056528443184,0.932724077874439,False,False
2510.5115716457367,0.305828746424781,6157066598793.755,0.2445117814974089,0.9777357833356967,False,False
2521.738024711609,0.30263566990693413,6123986445518.1,0.11609544414089876,0.963285572433246,False,False
2535.276329278946,0.29951721025837796,6183087924489.489,0.10625995297766784,0.7241454013591964,False,False
2547.907467365265,0.2957565699021022,6172763064984.636,0.22164546024211712,0.8204788172725489,False,False
2559.3882620334625,0.2922479204336802,6137637464853.51,0.17069293271822117,0.9180174213835739,False,False
2572.1948986053467,0.28905881120098964,6161938249585.896,0.02026808297933873,0.7291250778324261,False,False
2585.526374578476,0.2855014119545619,6141602420828.404,0.18603051866625667,0.7193974659902922,False,False
2597.49524641037,0.2817982244491577,6142938430819.46,0.10293766825717378,0.7834835813899137,False,False
2610.23277592659,0.2784735374318229,6150110696515.469,0.2666145397059916,0.8752038240994017,False,False
2621.534863948822,0.27493533233801526,6155227578930.842,0.13037092409305656,0.9266632509876143,False,False
2634.6219732761383,0.2717958659595914,6138347385404.436,0.22670103102396258,0.895054489011108,False,False
2647.4135460853577,0.26816055734952293,6137439439516.261,0.004494781775569853,0.990284745829136,False,False
2659.283540725708,0.2646073385741976,6164799003479.053,0.07293003034912132,0.8184014429328624,False,False
2667.0004510879517,0.26131012241045637,6117618249648.464,0.23068964970715852,0.9214291816482508,False,False
2680.4446597099304,0.2591665365298589,6152748969836.826,0.2527611180028896,0.7976255914861925,False,False
2693.63609290123,0.255432033141454,6156139605936.038,0.06904497250317407,0.9199190651946133,False,False
2707.5312254428864,0.2517677465412351,6141160835969.253,0.1843256545626085,0.8024165603442238,False,False
2720.175281524658,0.24790798770056832,6227995335530.042,0.13952952168557145,0.8527521692809348,False,False
2732.876667022705,0.2443957490391201,6163379586103.394,0.10899492505603817,0.9695366420495961,False,False
2746.8948233127594,0.24086758659945595,6134772244091.214,0.19941864081818456,0.8337011556114408,False,False
2758.6797132492065,0.23697365495893685,6123941364266.463,0.22426816771053246,0.8484643729891395,False,False
2771.255693435669,0.2337000732951694,6164109445481.622,0.1065968297781811,0.9983693794702917,False,False
2788.201997756958,0.23020674493577742,6138653226111.12,0.050765501743870185,0.95540746534949,False,False
2803.162265062332,0.225499438908365,6126321417482.045,0.21625952684521882,0.7854662974186979,False,False
2814.4556138515472,0.22134380943245358,6176476116998.248,0.05583315415004132,0.9294842855254376,False,False
2828.1153395175934,0.21820676902929936,6136447379356.567,0.15585999329790198,0.7950870631833823,False,False
2840.55703997612,0.21441239992777505,6146714126228.43,0.07076261550817918,0.8568172057402696,False,False
2854.8203463554382,0.2109563720888562,6125361745775.597,0.04666427135943576,0.8081369108941645,False,False
2869.3129258155823,0.20699434147940743,6161955546752.459,0.08248018787134044,0.8371490765206708,False,False
2886.577124595642,0.2029686264859305,6138490183592.237,0.04228712902413727,0.9212037826783732,False,False
2899.836369752884,0.19817301571369172,6153342408015.679,0.16450091751123655,0.8896144967759105,False,False
2913.206830739975,0.1944898904694451,6139792605544.425,0.10916488694647035,0.9395974664078426,False,False
2940.7041487693787,0.1907758749855889,6205382867678.1455,0.18912020650821795,0.8234162899833359,False,False
2957.5550553798676,0.1831377310223049,6167438191505.706,0.1824922701172584,0.8379599227577291,False,False
2972.49742937088,0.17845692382918465,6158255267678.697,0.1073731659649068,0.9068998675912662,False,False
2989.7886617183685,0.17430626372496283,6136361282726.109,0.034399758839201586,0.8706654208500801,False,False
3006.281141281128,0.16950314402580258,6153604557505.88,0.03485878068423206,0.9374842187514144,False,False
3018.4131078720093,0.1649218997028139,6154109867538.572,0.045287258646864954,0.9439698231413252,False,False
3029.6730885505676,0.16155190904935202,6129409107910.588,0.013447575277850263,0.8749381274504788,False,False
3041.1693201065063,0.15842413703600566,6140330551927.33,0.03883732961431204,0.9383625971559459,False,False
3053.8365054130554,0.1552307389842139,6148580527034.0625,0.04406421170700497,0.9444424527679565,False,False
3065.406444787979,0.15171207149823507,6133369114192.587,0.06629552232975973,0.9438735161456755,False,False
3077.736846923828,0.14849820454915363,6153585642996.192,0.146084163118778,0.8664349495466287,False,False
3091.711281299591,0.1450730915864309,6154473516384.003,0.07502898935478036,0.8896312998363485,False,False
3105.0878212451935,0.14119130512078604,6131285171231.786,0.006016452458555007,0.8885828679191443,False,False
3118.2727234363556,0.1374755955404705,6129638186603.478,0.06837954442304382,0.9028824108323169,False,False
3134.1807837486267,0.13381312694814473,6155912587787.553,0.1234440448851736,0.9074834612944217,False,False
3147.21098279953,0.12939422057734595,6148764425124.604,0.10965622906265506,0.9523279530547856,False,False
3160.9540326595306,0.12577472017871005,6143274424419.836,0.03584432792997419,0.9378344945419639,False,False
3175.0888950824738,0.12195720765325757,6157812340035.771,0.11870805660051902,0.9139237003443806,False,False
3191.498381614685,0.11803085664908086,6176067168900.667,0.012560476777353021,0.9782327839094648,False,False
3204.225521802902,0.11347266640928055,6149346622984.936,0.03226765298277392,0.890331464266641,False,False
3219.5000383853912,0.10993734975655878,6235386163633.396,0.03141537550521873,0.9562811529168834,False,False
3232.8326234817505,0.10569442841741772,6124228314482.24,0.057427051858893095,0.9785742297093714,False,False
3246.9349699020386,0.10199093275600013,6193237846570.26,0.10105408265797905,0.9911791592661199,False,False
3263.876434326172,0.0980736143059201,6158129676570.213,0.029632207573018383,0.9573324329642674,False,False
3278.3224375247955,0.09336765044265327,6154926533944.205,0.00842875215056061,0.9777793476755239,False,False
3291.815969467163,0.08935487257109753,6151582212651.633,0.07946161668129835,0.9669239550725071,False,False
3304.5537316799164,0.08560666978359222,6153836066992.144,0.050245241095347074,0.9672633418189599,False,False
3317.04629445076,0.08206840236981705,6136959911046.866,0.005766755900021897,0.9360673363143832,False,False
3328.367713689804,0.07859824604458276,6133496390964.743,0.011890593320132094,0.9700229207413031,False,False
3341.277036190033,0.07545339074399737,6195488697927.232,0.0023059733840778583,0.930878601564436,False,False
3351.3835356235504,0.07186748438411283,6140669064988.354,0.021959040972585477,0.9899949691637351,False,False
3360.3796560764313,0.06906012250317473,6152950666879.762,0.03141118006926272,0.9838895489404863,False,False
3372.1361458301544,0.06656120055251646,6137136609680.563,0.016230899246581613,0.9377045599352393,False,False
3384.1860177516937,0.06329551001389822,6141800142632.776,0.033714051488354504,0.9619203802000965,False,False
3400.2192013263702,0.05994832038879394,6152646950030.105,0.03497267224951132,0.9682018090315675,False,False
3420.4651505947113,0.0554946609338125,6152147140455.553,0.05321535868540278,0.9940197218788338,False,False
3440.848040342331,0.04987078620327845,6164711458073.492,0.044362530000300736,0.9503716975070245,False,False
3456.8631570339203,0.04420887271563212,6156328325277.287,0.0030942244303651238,0.987440739169683,False,False
3471.6937494277954,0.039760228395462005,6116903274064.568,0.007525862062260823,0.9717613633672714,False,False
3486.9736380577087,0.035640619595845524,6132553458484.7,0.034345740829877604,0.9963467684494863,False,False
3500.3716847896576,0.03139620621999106,6156680952418.8545,0.02895940037462369,0.9864926127849053,False,False
3514.756133556366,0.02767452696959183,6131058507346.853,0.01063584359756712,0.9730278896949809,False,False
3528.954313516617,0.023678846756617244,6184676835487.82,0.019978162401449083,0.995689224139653,False,False
3542.8228437900543,0.019734907680087566,6143433207768.523,0.012053712092930675,0.9828444333518149,False,False
3559.4833087921143,0.015882538557052572,6130629482104.885,0.0023398909184384913,0.9960089521957751,False,False
3574.523590326309,0.011254631082216915,6146722482857.529,0.0009427684818216323,0.9936276284124013,False,False
3590.8841166496277,0.007076774703131727,6126990483679.124,0.002602474810523945,0.9959112634324934,False,False
3604.615034341812,0.002532183859083381,6154906824551.932,0.0004557514911735561,0.9991858636237174,False,False
