1.5376696586608887,0.9980833824475607,6205.076234511678,1,False,True
1.9332845211029053,0.9948743772506714,6202.225309184604,0.9146250209754534,True,True
2.7492129802703857,0.9935555990537007,6203.179270776292,1,False,False
3.2879955768585205,0.9908358931541443,6205.905692706631,1,False,False
3.7461342811584473,0.989039937655131,6203.552803137851,1,False,False
4.274776935577393,0.987512804667155,6204.592396583464,1,False,True
4.897275447845459,0.9857506855328878,6203.88246389037,0.22008322838886452,False,True
5.424654483795166,0.9836757071812947,6203.988779353715,0.5534593686451574,False,True
6.104376554489136,0.9819177762667338,6212.285214112865,0,False,False
6.680997848510742,0.979652022520701,6208.392238398086,0,False,False
7.194822311401367,0.9777299499511719,6203.071785561935,1,False,True
7.745136022567749,0.9760172049204509,6205.106266992301,0.134521118264033,False,False
8.30472731590271,0.974182825088501,6203.914847313994,0.5225268975534072,False,False
8.909627676010132,0.9723172211647033,6203.91050671325,0.4681707435802691,False,False
9.545835018157959,0.97030118227005,6203.674397050518,0.5425746705129566,False,True
10.086557626724243,0.9681805078188578,6204.275048839527,0.3384264310505809,False,True
10.83956241607666,0.9663781015078227,6206.2223851011295,0,False,False
11.573718547821045,0.9638680672645569,6262.267991721485,0,False,False
11.945051908493042,0.9614208809534709,6203.880964658065,0.09074619875484402,False,True
12.35124158859253,0.960183117389679,6202.754746500076,0.2580166486847845,False,True
12.686153173446655,0.958829152584076,6203.824435935381,1,False,True
13.00289535522461,0.9577127647399902,6205.177854549451,0.806973053405763,False,False
13.369357109069824,0.9566569526990255,6202.777355586664,0.9488743560260501,False,True
13.759109735488892,0.9554354357719421,6223.109278466103,0,False,False
14.205681324005127,0.9541362404823304,6203.2206069133845,1,False,True
14.59824800491333,0.9526476764678955,6203.715342705365,0.7184193161743015,False,True
14.987024545669556,0.9513391343752543,6204.199359574895,1,False,False
15.42787218093872,0.9500431879361471,6201.66355601595,0.2691339024563382,True,True
15.76154637336731,0.9485737236340841,6203.432103496049,0.17864411870133112,False,False
16.264185428619385,0.9474614532788594,6203.396009676978,0.6770988430089226,False,True
16.864609718322754,0.945786006450653,6203.089815269871,0.11098747229732209,False,True
17.394789695739746,0.9437845881779988,6203.728506278534,0.5202464673522391,False,True
18.07409381866455,0.9420173295338948,6211.088701559763,0,False,False
18.800037145614624,0.9397529617945353,6207.699266237543,0,False,False
19.36409091949463,0.9373331554730733,6203.653059812182,0.5515727650576506,False,True
20.01401162147522,0.9354529730478922,6216.643830502289,0,False,False
20.527477025985718,0.9332865699132283,6204.16539599042,0.3620673912757545,False,False
21.14912700653076,0.9315750058492025,6213.108339407728,0,False,False
21.666222095489502,0.9295028535525004,6204.409036125052,0.11777581414972865,False,False
22.306079864501953,0.9277791953086854,6204.061698371543,1,False,True
22.818859815597534,0.9256463408470154,6204.686638731006,0.3592654674445259,False,True
23.457316398620605,0.9239370926221212,6222.154775740457,0,False,False
23.973762035369873,0.9218088881174723,6203.752040933628,0.463709078020739,False,True
24.433308839797974,0.9200874106089274,6202.697331792679,0.2570982008249394,False,True
24.845215559005737,0.9185555950800578,6203.824616417316,0.5874656090978665,False,False
25.17368483543396,0.9171825575828552,6203.125821146402,0.033255972671152434,False,True
25.573591947555542,0.9160876695315043,6203.7590273050355,0.019435846647516252,False,True
26.051774740219116,0.9147546442349752,6334.525214613341,0,False,False
26.484412908554077,0.9131606952349345,6208.269336027465,0,False,False
26.823123693466187,0.9117185680071513,6203.741316868103,0.030420739804416466,False,True
27.245301485061646,0.9105895487467448,6209.527525719839,0,False,False
27.53135585784912,0.9091822679837545,6202.8569392517265,0.019636820654843457,False,True
27.923067092895508,0.9082287685076396,6260.1591958334375,0,False,False
28.30363893508911,0.9069230540593465,6237.568129611754,0,False,False
28.80468487739563,0.9056544836362203,6215.391914915072,0,False,False
29.271180152893066,0.9039843289057414,6216.797037932164,0,False,False
29.593418836593628,0.9024293414751688,6202.738475225089,0.4121784274601128,False,True
30.003905296325684,0.9013552308082581,6267.090347746489,0,False,False
30.479769229888916,0.8999869267145792,6231.509678687418,0,False,False
30.922722816467285,0.8984006977081299,6202.198847899247,0.3321465286739079,False,True
31.448726654052734,0.8969242095947265,6204.266252848711,0.8319273423254766,False,False
32.06801748275757,0.8951708380381266,6210.943730134501,0,False,False
32.54906702041626,0.8931065471967061,6203.169729555398,1,False,True
33.09771180152893,0.8915030423800151,6201.8692639736455,0.5807590694183802,False,True
33.91487741470337,0.8896742129325866,6208.309585774705,0,False,False
34.52562999725342,0.8869503506024679,6204.244989563849,1,False,False
35.274540424346924,0.884914509455363,6210.6053222403925,0,False,False
35.97931504249573,0.8824181262652079,6205.705961749617,1,False,False
36.510643005371094,0.8800688942273458,6203.742176926813,0.5366721910494757,False,False
37.05428886413574,0.878297795454661,6203.8210011038245,0.9673849281864135,False,True
37.5183539390564,0.8764856600761414,6204.434591033676,0.8970603685037317,False,False
37.89637732505798,0.8749387605985006,6203.154283567006,1,False,True
38.264015674591064,0.8736786882082621,6203.336906120191,0.6522436108602288,False,True
38.70402455329895,0.8724532389640808,6202.1243973603905,0.36853426792269156,False,True
39.31283664703369,0.8709865427017212,6206.94886759309,0.46483694751639515,False,False
39.94513916969299,0.8689571539560954,6204.103552335382,0,False,False
40.38849472999573,0.8668494804700215,6205.636871410834,0.2807511314890404,False,False
40.82978415489197,0.8653716270128886,6204.1110280531775,0.2343687180034384,False,False
41.41383481025696,0.8639006614685059,6221.313314613058,0,False,False
41.84453725814819,0.8619538267453511,6205.563236971806,0.7546918494934558,False,False
42.34046030044556,0.8605181511243185,6205.645884271036,0.4505409509930557,False,False
42.72048854827881,0.858865073521932,6204.272277571204,0.7646239703524607,False,False
43.09518575668335,0.8575983166694641,6204.272591784094,0.7203636964844845,False,False
43.484004735946655,0.8563493235905966,6205.2279683627585,1,False,False
43.96449160575867,0.8550532054901123,6218.674683506245,0,False,False
44.50459098815918,0.8534516350428263,6209.156800835512,0,False,False
45.11089611053467,0.8516513045628866,6213.705316757723,0,False,False
45.517800092697144,0.8496302843093873,6204.756803456214,1,False,False
45.96407437324524,0.8482739416758219,6203.265860381178,0.7273428487906428,False,False
46.347551584243774,0.8467863623301188,6202.0793628553565,0.5564787987177664,False,True
46.7933669090271,0.8455081168810527,6201.777777570454,0.9890388295760426,False,True
47.18238568305969,0.8440220705668131,6203.9251403690905,1,False,False
47.54401969909668,0.8427253254254659,6206.092078735201,0.4877399778602165,False,False
47.85689663887024,0.841519877910614,6203.299090380257,1,False,True
48.12843918800354,0.8404769571622213,6202.549029333143,0.594625751567532,False,True
48.423861265182495,0.839571827252706,6204.463450490209,0.9082095700049665,False,False
48.686933517456055,0.8385870703061422,6204.60533946191,1,False,False
49.115925788879395,0.8377101524670919,6203.67676372725,0.038569214630014614,False,False
49.596142292022705,0.8362801877657573,6205.073896399214,0.21705583932017924,False,False
50.052796602249146,0.8346794509887695,6206.187440551463,0.7483111954666639,False,False
50.44682574272156,0.833157282670339,6204.546150726494,0.6352265124510535,False,False
50.915385484695435,0.8318438537915548,6204.044986280966,1,False,False
51.48477864265442,0.8302819768587748,6206.504850625103,0.7093521004974094,False,False
52.140260457992554,0.8283839933077495,6202.878350263381,1,False,False
52.82286071777344,0.8261990753809612,6214.05259038845,0,False,False
53.49774408340454,0.8239235027631124,6203.652312202711,0.7764976650104796,False,True
54.02119517326355,0.8216741339365641,6205.720574752112,1,False,False
54.57435703277588,0.8199292922019958,6203.27355329352,0.9489121019719552,False,True
55.09987235069275,0.818085428873698,6204.376562980867,0.3721154089337574,False,False
55.73999547958374,0.8163336968421936,6204.34839318591,0.2848071991142329,False,False
56.33440399169922,0.8141999578475952,6201.748396360889,0.4746893192595598,False,True
56.96660590171814,0.8122186096509297,6201.567082167455,0.016716896752498878,True,True
57.7643518447876,0.8101112755139669,6220.4904896690305,0,False,False
58.431010484695435,0.8074521017074585,6203.821262234911,0.46807517521377756,False,False
59.1651508808136,0.805229906241099,6266.642697771614,0,False,False
59.754453897476196,0.8027827755610148,6221.435189074125,0,False,False
60.35461926460266,0.8008184281984965,6209.392536703925,0,False,False
60.89392161369324,0.7988178785641988,6229.659617897954,0,False,False
61.56332182884216,0.7970202048619588,6209.326267042762,0,False,False
62.024195194244385,0.7947888708114624,6202.332496857785,0.07268733786147022,False,False
62.43944978713989,0.7932526222864786,6207.059487372727,0.12166480373846955,False,False
62.92427086830139,0.7918684426943461,6242.179882052023,0,False,False
63.26579284667969,0.7902523724238077,6204.066275661153,0.05318241435469603,False,False
63.65958595275879,0.7891130137443543,6206.715092718949,0.21379400444459118,False,False
63.9541699886322,0.7878013197580973,6205.00610664837,0.24642888515088168,False,False
64.27629685401917,0.7868193697929382,6201.8659280455495,0.5022071402412864,False,True
64.68129754066467,0.7857456382115682,6205.38274032457,0.09713612680476658,False,False
65.17874312400818,0.7843956192334494,6218.795405519225,0,False,False
65.67609810829163,0.7827374625205994,6206.771281582834,0,False,False
66.00721430778503,0.7810796149571737,6203.23199038637,0.8694482631834295,False,False
66.29042434692383,0.7799758942921956,6202.547387867278,0.6749683042694576,False,True
66.63296747207642,0.7790318703651429,6204.20481433802,0.24926009318169068,False,False
66.94178628921509,0.7778900480270385,6204.048497139194,0.12187254180227192,False,False
67.30367183685303,0.7768606575330098,6203.11324845224,1,False,True
67.62035298347473,0.7756543684005737,6203.456079052153,0.9945251734971117,False,False
67.85420155525208,0.7745987606048584,6205.64592020427,0.3695118237687972,False,False
68.16523671150208,0.773819264570872,6203.852514899931,0.9046879636718292,False,False
68.57720589637756,0.7727824815114339,6203.666417171514,0.7272917223100008,False,False
69.06212496757507,0.7714092556635539,6204.269574627303,0.5415772734237936,False,False
69.53760719299316,0.7697928571701049,6203.996911525294,0.5049292284472856,False,True
69.9888563156128,0.7682079291343689,6205.17436689872,0.5701818972947096,False,False
70.51533651351929,0.7667037089665731,6203.979812633904,0.6491964323370372,False,True
71.25293302536011,0.7649488313992818,6266.383739331457,0,False,False
71.78145480155945,0.7624901644388835,6203.075704055566,0.916720153489617,False,True
72.39547610282898,0.7607284426689148,6202.115736715377,0.2653687767740185,False,True
72.88626742362976,0.7586816994349161,6204.095026722958,0.2698388201794304,False,False
73.34423804283142,0.7570457196235657,6204.495776434243,0.27784125735032533,False,False
73.84768080711365,0.7555191493034363,6202.0315866455685,0.7050076327816659,False,True
74.44329524040222,0.7538410218556721,6205.729775162026,1,False,False
75.0549783706665,0.751855620543162,6202.552952012495,0.5447121773852703,False,True
75.53577947616577,0.7498166863123576,6203.552810208006,1,False,False
75.9601821899414,0.7482140119870504,6206.059641337344,0.7961837178860685,False,False
76.32539129257202,0.7467993378639222,6204.82588942949,0.8585957694121928,False,False
76.71790027618408,0.7455819725990296,6204.2720056706485,0.1294635133077267,False,False
77.25728702545166,0.7442736077308655,6204.795298100136,0.5487879209802701,False,False
77.70985651016235,0.7424756542841593,6203.6459339164185,1,False,False
78.23893904685974,0.740967082977295,6202.977191085616,1,False,True
78.66591620445251,0.7392034792900086,6205.993137237011,0.88373977370065,False,False
79.09613513946533,0.7377802189191183,6203.551923328031,0.3879297362267653,False,True
79.66307497024536,0.7363461709022522,6205.288368656032,0.4742782395384407,False,False
80.1644344329834,0.7344563587506612,6204.786467901098,0.9871793792753065,False,False
80.72983455657959,0.7327851605415344,6204.478197229778,0.9692456411574161,False,False
81.51455426216125,0.7309004942576091,6209.519065932016,0,False,False
82.08221745491028,0.728284736474355,6204.507018456613,0.18261608084459865,False,False
82.72998642921448,0.7263925496737162,6203.254716407575,0.038155398291552955,False,True
83.33063888549805,0.7242333340644836,6204.693441395737,0.47664669873659615,False,False
84.11606097221375,0.7222311305999756,6214.380170285426,0,False,False
84.67192959785461,0.7196130712827047,6205.448782223636,0.41528032983464536,False,False
85.41547632217407,0.7177601710955301,6256.949881643794,0,False,False
86.20000648498535,0.7152816859881084,6203.7547559019085,0.7005881090801087,False,True
86.65534949302673,0.7126665854454041,6204.850637392672,1,False,False
87.06223750114441,0.7111487491925557,6204.268589515867,0.9693201110582128,False,False
87.47094321250916,0.7097924836476643,6205.017318663333,1,False,False
87.90359735488892,0.708430126508077,6204.3560279820695,1,False,True
88.29507374763489,0.7069879468282063,6207.032843700921,0.5881465312036955,False,True
88.79837489128113,0.7056830398241679,6202.420945848403,0.49424420493530047,False,True
89.18868827819824,0.7040053741137187,6203.609291300361,0.9735916256270751,False,False
89.61463236808777,0.7027043104171753,6316.848853540932,0,False,False
90.13696312904358,0.7012844983736675,6203.260831723392,0,False,True
90.51181888580322,0.699543399810791,6203.351698204545,0.22494308501571902,False,True
91.03870677947998,0.6982938853899638,6204.049872804537,0.8085994572369213,False,False
91.49194169044495,0.6965375836690266,6203.214883083293,0.44118407755598477,False,True
91.8586916923523,0.6950268165270488,6204.330554242176,0.8786389085736979,False,False
92.36969590187073,0.6938043014208476,6205.210186053674,0.914440141717717,False,False
92.73641681671143,0.6921009516716004,6202.364962119993,1,False,True
93.23403573036194,0.6908785494168599,6202.70957274841,0.8139345511092568,False,True
93.55590987205505,0.6892198355992636,6203.635912352566,0.47137865583166805,False,False
94.02379989624023,0.6881469035148621,6202.972882763855,1,False,False
94.45805978775024,0.6865872748692831,6207.233374499684,1,False,False
95.05430221557617,0.6851397403081259,6204.490032134613,1,False,False
95.42043828964233,0.6831522615750631,6202.579778601042,1,False,True
95.83594393730164,0.6819318183263143,6201.437801356136,0.8176655899755456,True,True
96.26407051086426,0.6805468169848123,6203.8389284914365,1,False,False
96.69449353218079,0.6791197093327841,6205.977368941345,0.5890679184014416,False,False
97.04676938056946,0.6776849651336669,6203.058921781973,0.7167041312132488,False,False
97.42047810554504,0.6765107115109761,6204.535219306401,0.23776232011475829,False,False
97.78193044662476,0.675265014966329,6205.216073885745,1,False,False
98.24617528915405,0.6740601722399393,6203.6982494773565,0.6720305263716788,False,False
98.62451267242432,0.6725126910209656,6201.921043861541,1,False,False
99.1259343624115,0.6712515672047933,6203.040920368034,1,False,False
99.56402683258057,0.6695801631609599,6203.782768671529,0.9221792835963918,False,False
99.91443800926208,0.6681198517481486,6205.731462247201,0.44974801577575335,False,False
100.36467671394348,0.666951813697815,6202.2369297041705,1,False,False
100.7572124004364,0.665451017220815,6204.4204321244515,0.6847599670353112,False,True
101.22484421730042,0.6641425800323486,6208.7715695823545,0.7055612046054852,False,False
101.68296718597412,0.6625837866465251,6202.420784185675,0.538763779831412,False,True
102.12623882293701,0.6610567220052084,6201.998161038345,0.7136796358554892,False,True
102.45479321479797,0.6595791586240133,6205.342959779868,1,False,False
103.06083011627197,0.6584836339950562,6204.742835310789,0.8610447968257587,False,False
103.40989327430725,0.6564637311299641,6203.618566974792,0.7975595151068013,False,False
103.84743666648865,0.6553002715110778,6205.476894163014,0.2129160921631693,False,False
104.21710228919983,0.6538418157895406,6204.425778369432,1,False,False
104.71287488937378,0.6526095978418986,6206.752897301883,0.5300350912750719,False,False
105.16707754135132,0.6509570240974426,6204.302839503407,0.09991380645343062,False,False
105.54983901977539,0.6494430081049601,6206.463902846879,0.30577839819016167,False,False
106.13549041748047,0.6481671436627705,6203.423414327134,0.33468160171433525,False,False
106.44054055213928,0.6462149723370869,6205.139889652106,1,False,False
106.86904096603394,0.6451981401443481,6207.219556739594,1,False,False
107.29867601394653,0.6437697617212932,6205.963710324051,0.6356843295591323,False,False
107.68416094779968,0.6423376854260763,6206.0888708376715,1,False,False
108.07170248031616,0.6410527380307516,6204.188881591013,1,False,False
108.51194620132446,0.6397609353065491,6206.951180876855,1,False,False
108.90497612953186,0.638293453057607,6204.259818684502,1,False,False
109.28980588912964,0.6369833501180013,6205.325194430627,1,False,False
109.68466234207153,0.6357005866368612,6205.090611576353,0.419010260011688,False,False
110.10438323020935,0.634384392897288,6202.652043183765,0.8394810503806877,False,False
110.67279314994812,0.6329853312174479,6202.899504060066,0.7584796800996193,False,False
111.19593477249146,0.6310906243324279,6205.326496876309,0.9473636202724903,False,False
111.66452264785767,0.6293468205134074,6204.96829558679,1,False,False
112.22931790351868,0.6277848649024964,6205.2636052779435,1,False,False
112.75374627113342,0.6259022108713785,6204.125698008675,0.7434466615007932,False,False
113.27586960792542,0.6241540988286336,6205.378205106669,0.5437917419167259,False,False
113.81305742263794,0.6224137067794799,6203.276799928531,0.8616414055448642,False,False
114.26989698410034,0.6206230815251668,6203.666518347508,0.9764366876631325,False,False
114.87953495979309,0.6191002813975016,6203.654316073962,1,False,False
115.3985493183136,0.6170681540171306,6205.497072051026,0.8272496735972491,False,False
115.97090172767639,0.6153381117184957,6202.327512034193,1,False,True
116.65811896324158,0.6134299834569295,6205.811340454473,0.7308998849235655,False,False
117.06560325622559,0.6111395454406738,6204.033556256531,0.6303371482881621,False,False
117.6728982925415,0.6097812668482463,6204.927300093569,0.5688958607816118,False,False
118.47557210922241,0.6077569444974263,6203.881374766386,0.421229822252035,False,False
119.00749969482422,0.6050813619295756,6205.248476015342,0.9535303654874402,False,False
119.78243970870972,0.6033082699775696,6203.761889393175,0.7923094692297783,False,False
120.14822912216187,0.6007251429557801,6204.363340771539,0.8694493527531615,False,False
120.53584837913513,0.5995058409372965,6203.825427472768,0.7604997201657796,False,False
120.9251356124878,0.5982137775421142,6202.444558560319,0.9285297508126004,False,True
121.30230402946472,0.5969161526362101,6203.640817703507,0.46492451715534805,False,True
121.68348550796509,0.5956589372952779,6203.081722580889,0.9717711388555581,False,True
122.06669688224792,0.5943883403142294,6204.454344791158,1,False,False
122.5015926361084,0.5931109539667765,6204.824905046236,0.3889904268320181,False,False
122.87532544136047,0.5916612990697225,6206.715972820569,0.832175108191888,False,False
123.28782391548157,0.5904155246416728,6203.607690263745,0.6291240498286543,False,False
123.62650156021118,0.58904052734375,6204.575024682974,0.5004540311288305,False,False
123.92966389656067,0.5879116058349609,6203.720854694166,0.5250089603499216,False,False
124.42313575744629,0.5869010623296103,6205.282435641535,0.6221951079010605,False,False
124.89376854896545,0.5852561553319295,6204.67457853877,0.8004385422139734,False,False
125.35388255119324,0.5836873801549276,6205.509509510578,0.7433342339771005,False,False
125.94163489341736,0.5821536684036255,6205.108513435749,0.5077048293417796,False,False
126.39724802970886,0.5801944923400879,6202.376311663336,1,False,True
126.9495918750763,0.5786757747332255,6203.335557294462,0.49362749546850926,False,False
127.43858218193054,0.5768346325556437,6202.914701339279,0.633192151437354,False,True
127.93262076377869,0.5752046799659729,6203.492013263081,0.3137602964829297,False,True
128.51425051689148,0.5735578878720602,6203.129013033928,0.03568178313297721,False,True
129.0389723777771,0.5716191228230794,6202.862220063119,0.31656985657171294,False,True
129.60331344604492,0.5698700499534607,6203.220876612223,0.7923206222292357,False,True
130.1686568260193,0.5679889098803202,6205.75873955103,0.536530671583402,False,False
130.7628653049469,0.5661044176419576,6204.231942390754,1,False,False
131.43165159225464,0.5641237203280132,6202.595505716916,1,False,True
131.76692461967468,0.561894383430481,6204.00930666641,0.7348123037818777,False,False
132.11433672904968,0.5607768615086873,6203.191507592849,0.5582508250911459,False,True
132.528014421463,0.5596188346544901,6203.649428442788,1,False,False
132.8534209728241,0.5582398986816406,6203.0536756392385,0.5866731966110967,False,True
133.22401523590088,0.5571552236874898,6203.416841446386,0.9461371481124674,False,True
133.5469560623169,0.5559199094772339,6205.118809552742,0.6380910209548929,False,False
133.90284609794617,0.5548434170087179,6204.851497149004,0.8370632254377882,False,False
134.21607375144958,0.5536571224530538,6204.453380113826,0.5044690260182899,False,False
134.64223527908325,0.5526130207379659,6204.745151371107,1,False,False
134.92651963233948,0.5511924902598063,6205.356642298188,1,False,False
135.2660036087036,0.5502448566754659,6204.736305867836,1,False,False
135.59416508674622,0.5491132489840189,6203.734519348832,0.7233170637127241,False,True
135.89463448524475,0.5480194044113159,6202.296611081079,1,False,True
136.23405194282532,0.547017822265625,6205.369162240112,0.8108319709283971,False,False
136.62539720535278,0.5458864227930704,6204.761767824292,0.4647189708331698,False,False
136.85674262046814,0.5445819520950317,6205.479270086828,0.6440568929472965,False,False
137.16489028930664,0.5438107967376709,6204.320086562011,0.9707573360607913,False,False
137.4638214111328,0.542783633073171,6204.371539333787,0.7717339704711003,False,False
137.83252120018005,0.5417871904373168,6202.88085796407,0.4816138819607735,False,False
138.19165778160095,0.5405581951141357,6203.558731685169,0.7953101140312817,False,False
138.56398463249207,0.5393610882759095,6203.14151856262,0.8044566305651026,False,False
138.98524379730225,0.5381199868520101,6203.218570044469,0.8898415429347105,False,False
139.44025707244873,0.5367157904307047,6207.4623240077635,0.9554145070299959,False,False
139.90109539031982,0.5351990763346355,6205.357716279061,0.8865191407495367,False,False
140.45502948760986,0.5336628969510396,6202.6340099827985,0.7994237589810262,False,False
140.9433844089508,0.5318165063858032,6204.542903301797,0.658004328656838,False,False
141.73272562026978,0.5301886510848999,6203.477717974025,0.6723537212476378,False,True
142.45440411567688,0.5275575335820516,6203.07205199467,0.1686642237878151,False,True
143.02657198905945,0.5251519385973613,6202.774685891207,0.20532031761300723,False,True
143.59127974510193,0.5232447155316671,6205.97789393369,0.29439576941254436,False,False
143.96895289421082,0.5213623404502868,6206.354035473769,0.6358729399198568,False,False
144.33435893058777,0.520103432337443,6202.127889411844,0.05908729470930432,False,True
144.70620822906494,0.5188854241371155,6206.157062179396,0,False,False
145.2926206588745,0.5176459113756815,6248.056593374936,0,False,False
145.82098960876465,0.5156912008921306,6205.660880750924,0,False,False
146.27370238304138,0.5139299694697061,6204.321692776358,0.05851753526769554,False,False
146.67000126838684,0.5124209252993266,6204.182473325936,0.0002458327358472248,False,False
147.24518465995789,0.5110999321937562,6203.1565865090615,0.03740335291441796,False,False
147.65143966674805,0.5091826566060385,6202.627989182211,0.1675250517578959,False,False
148.3044788837433,0.5078281529744466,6239.09025488966,0,False,False
148.86266422271729,0.5056516726811726,6232.686642713868,0,False,False
149.53675174713135,0.5037910509109498,6204.809110680997,0.34124918465165055,False,False
150.01010608673096,0.5015440932909647,6203.543094529444,0.34200547521967195,False,False
150.84760880470276,0.49996624867121375,6213.929483209719,0,False,False
151.5748746395111,0.49717457612355553,6203.8094299027825,0.26631388966724423,False,False
152.32492661476135,0.4947503439585368,6203.069530088556,0.013390707425211548,False,False
153.20121455192566,0.49225017786026004,6238.047913085953,0,False,False
153.944837808609,0.48932921409606933,6225.004046371193,0,False,False
154.9168918132782,0.4868504762649536,6203.559503646036,0,False,False
155.62260746955872,0.4836102978388468,6237.838869852273,0,False,False
156.1948094367981,0.4812579107284546,6204.6473677215445,0.3320239018213321,False,False
156.69071173667908,0.4793505636850993,6204.332811955506,0.2037969538385432,False,False
157.1811864376068,0.47769756078720094,6211.681877898075,0,False,False
157.76626110076904,0.476062650680542,6208.418363885134,0,False,False
158.60614943504333,0.47411239544550576,6253.645828322249,0,False,False
159.44088411331177,0.4713127740224202,6213.038258148944,0,False,False
159.87701272964478,0.46853032191594446,6202.135350985236,0.051208235951488025,False,True
160.34254789352417,0.46707657972971595,6226.307445723759,0,False,False
161.08209490776062,0.4655247855186463,6220.927970915072,0,False,False
161.49362134933472,0.46305960973103844,6205.046088129101,0.03271753082920681,False,False
161.98759150505066,0.46168786684672036,6203.154039195875,0.4166815382566216,False,False
162.56326603889465,0.4600412813822429,6229.318770704257,0,False,False
163.14490628242493,0.4581223781903585,6206.656306333187,0.052616810609941354,False,False
163.91820549964905,0.4561835861206055,6256.275613309088,0,False,False
164.77782464027405,0.4536059149106344,6204.926510851239,0,False,False
165.71758818626404,0.4507405153910319,6207.842270409141,0,False,False
166.27632880210876,0.4476079813639323,6203.824551951088,0.08107626713834691,False,False
166.94709300994873,0.4457455110549927,6240.86991727287,0,False,False
167.73471546173096,0.44350961605707806,6207.953691003386,0,False,False
168.4524347782135,0.44088407198588053,6204.606885118804,0.24847564212911685,False,False
169.2850935459137,0.4384918268521627,6253.409592446767,0,False,False
169.80585432052612,0.4357162960370382,6204.237496658743,0.23917934087360632,False,False
170.315749168396,0.4339804251988729,6203.44271138572,0.30801967793139595,False,False
170.92469382286072,0.43228078047434493,6202.832158448684,0,False,True
171.5790855884552,0.43025095860163376,6203.603272901071,0.05758563547576668,False,True
172.17217373847961,0.4280696741739909,6203.976494316985,0.21789426066867623,False,False
172.97338914871216,0.4260926946004232,6238.160635899646,0,False,False
173.60180234909058,0.42342197815577187,6203.481091247057,0,False,True
174.18822193145752,0.42132726510365803,6203.430612126571,0.32884188797863007,False,True
174.69797015190125,0.4193725522359212,6203.974683234884,0.3493708692666253,False,False
175.05415272712708,0.41767337719599407,6203.214290462771,0.30993316705462226,False,True
175.38400435447693,0.41648611625035603,6204.122353500042,0.07667411282752132,False,True
175.79651713371277,0.415386610031128,6217.022701139367,0,False,False
176.32494139671326,0.41401155074437457,6213.235177100627,0,False,False
177.04459190368652,0.41225013256072995,6224.9276714351145,0,False,False
177.51903319358826,0.4098512784639994,6204.417328813901,0.14338047332813392,False,True
178.10856437683105,0.408269845644633,6282.840046451698,0,False,False
178.74885606765747,0.4063047273953756,6204.374499532834,0.18202852174802064,False,True
179.4457151889801,0.40417043526967367,6219.549665445791,0,False,False
179.91243839263916,0.40184755643208825,6205.804163146747,0.2538287171779253,False,False
180.75527095794678,0.40029180844624834,6229.364564117235,0,False,False
181.26149249076843,0.397482365767161,6204.004515730471,0.36215489056255457,False,True
181.77084064483643,0.39579497098922733,6202.036922653441,0.6347730483999744,False,True
182.22309231758118,0.39409715652465815,6202.075023649672,0.702891558142749,False,True
182.61143612861633,0.3925896533330282,6202.428093829012,0.7952125323410063,False,False
183.0085527896881,0.39129514296849566,6205.339561582934,0.4282057480120632,False,False
183.41536140441895,0.3899714342753092,6203.833797908172,0.32669871370720643,False,False
183.80109977722168,0.3886154023806254,6202.85795832009,0.5949906353595905,False,False
184.2010838985443,0.3873295569419861,6205.229867474547,0.6665999334151439,False,False
184.53450202941895,0.3859963313738505,6204.3563861909015,0.7101366282539251,False,False
184.97257351875305,0.3848849352200826,6203.229879718694,0.5307832844888665,False,False
185.36425948143005,0.3834246961275737,6205.24824111872,1,False,False
185.73410487174988,0.38211907307306925,6203.221223607348,0.5563475849851378,False,False
186.02449560165405,0.38088625987370806,6203.3477922257825,1,False,False
186.32405185699463,0.37991829236348473,6204.940494903294,0.5029494548362639,False,False
186.65055012702942,0.37891975879669193,6204.634426707947,0.324065465761956,False,False
187.1471004486084,0.37783143599828084,6202.64428913058,0.8868889653117111,False,False
187.673321723938,0.37617627143859866,6203.83937377597,1,False,False
188.20653820037842,0.37442220290501915,6203.66600127386,0.4475946017362563,False,False
188.77934789657593,0.3726448154449463,6208.56930832348,0.46332483010453385,False,False
189.32642722129822,0.370735448996226,6204.840736538022,0.4071187781284754,False,False
189.9207329750061,0.36891184091567997,6204.123018683316,0.8864855476138886,False,False
190.43155431747437,0.366930828889211,6206.156841169641,0.7501732452121583,False,False
191.16842198371887,0.36522809267044065,6203.7159472691255,0.45362927985771073,False,False
191.70689868927002,0.3627718623479207,6206.941086551766,0.7549959042889814,False,False
192.2966091632843,0.36097694873809816,6204.903183221004,1,False,False
192.89503574371338,0.3590112439791362,6207.867746631425,0.42918113965527704,False,False
193.43267059326172,0.35701649109522504,6203.384238030248,0.8392402900698043,False,False
193.94624376296997,0.35522437254587813,6204.137783510334,0.5082377094082355,False,False
194.43855500221252,0.3535124611854553,6204.387187822924,0.46584833772153766,False,False
195.02054047584534,0.35187142610549926,6202.242253346185,0.47084537986198216,False,False
195.57006120681763,0.34993147532145186,6203.669995831362,0.582532311973227,False,False
196.0039258003235,0.34809973875681555,6202.773311194485,0.7890922890169104,False,False
196.61855697631836,0.34665352344512934,6204.310382528323,0.4837206804556772,False,False
197.26876163482666,0.344604742527008,6205.838756524124,0.6706521441651377,False,False
197.66743779182434,0.3424373960494995,6205.283844048849,0.6073333264505483,False,False
198.01709628105164,0.34110848029454555,6204.525803272948,0.8603479761051164,False,False
198.3861939907074,0.3399429559707642,6202.845261790841,0.5330273585783949,False,False
198.79529118537903,0.3387126318613688,6204.1560468338985,0.4421425389184966,False,False
199.24674940109253,0.33734897136688236,6203.480143868692,0.9696745383694669,False,False
199.7145528793335,0.3358441066741943,6205.595240986646,0.731618039945359,False,False
200.12207007408142,0.3342847688992818,6206.620503592329,0.8353712040812891,False,False
200.47845816612244,0.33292635122934977,6207.255092562885,0.6756051292554817,False,False
200.93856644630432,0.33173840840657554,6205.41439642478,0.658270571618296,False,False
201.56537508964539,0.3302047141393025,6204.126231413101,0.8074228719167696,False,False
202.0090308189392,0.3281153440475464,6203.082482015083,1,False,False
202.33618354797363,0.32663650830586755,6203.820258666101,0.43491823714107614,False,False
202.88978838920593,0.32554591258366905,6205.137512434378,0.9765347834833047,False,False
203.27431225776672,0.3237006449699402,6205.199092653358,0.7393482271691514,False,False
203.7140212059021,0.32241866906483974,6202.534896353341,0.9649497949286014,False,True
204.0349543094635,0.32095322211583455,6203.73860563828,1,False,False
204.46443438529968,0.31988341649373375,6203.84595443541,0.6590750361954427,False,False
204.84208631515503,0.3184518194198609,6205.310760670116,0.6478230357945787,False,False
205.1734116077423,0.3171929844220479,6202.868245038188,0.7047963223408611,False,True
205.56355118751526,0.31608858426411945,6203.415465402789,0.5512315219892447,False,True
205.93619918823242,0.3147881205876668,6203.742435260873,0.568413885201164,False,False
206.38165807724,0.3135459343592326,6202.412636086221,0.7994352175030065,False,True
206.9751045703888,0.3120610928535461,6205.671649323105,0.6953444737638936,False,False
207.35925030708313,0.3100829211870829,6204.218471573412,1,False,False
207.80680799484253,0.30880243857701617,6204.723882515835,0.8049308908228906,False,False
208.379949092865,0.3073105764389038,6202.11491772297,0.8179834401687789,False,True
208.8842191696167,0.3054001235961914,6204.514358858959,1,False,False
209.22597336769104,0.3037192002932231,6205.83382423928,0.6796243988690989,False,False
209.64801502227783,0.3025800251960754,6203.8581063198735,1,False,False
210.2533950805664,0.3011732228597005,6205.720610323883,0.5207554421733502,False,False
210.73717784881592,0.2991552925109864,6202.988943977181,0.983453939356023,False,False
211.22276377677917,0.297542679309845,6204.573383479183,1,False,False
211.65588808059692,0.29592405796051025,6203.592996292246,0.587110249522662,False,False
212.0087549686432,0.29448030471801756,6203.537076869422,0.5500301580245681,False,False
212.3496813774109,0.29330409288406367,6205.049411840038,1,False,False
212.98606300354004,0.29216766834259034,6204.78236314021,0.5568401280405348,False,False
213.4344983100891,0.29004638592402143,6205.929624379462,0.988821230190199,False,False
213.87003588676453,0.2885516055425008,6204.5034859954485,0.8408635869232435,False,False
214.23736381530762,0.287099818388621,6204.713420521381,0.6831202404459463,False,False
214.6107678413391,0.28587539354960123,6202.917529628948,0.9993446646171136,False,False
215.07852005958557,0.2846307063102722,6202.899521020192,1,False,False
215.3867826461792,0.28307153065999346,6206.322397948339,0.7076191299227029,False,False
215.72565603256226,0.2820439783732096,6205.217676608072,0.8088862616109879,False,False
216.02840399742126,0.2809144059816996,6202.805972424634,0.6762799770848211,False,False
216.41325330734253,0.2799052548408508,6203.321753630502,1,False,False
216.82688236236572,0.2786224238077799,6203.907514686531,1,False,False
217.1423680782318,0.2772436666488648,6202.9668902943,0.7969257118702983,False,False
217.54720878601074,0.27619204521179197,6203.517609805861,0.6906000937857885,False,False
217.7951283454895,0.2748425769805908,6203.535820964099,0.8950720710099207,False,False
218.19389295578003,0.27401616652806604,6203.213037802134,0.6218017849451131,False,False
218.50461220741272,0.2726869654655456,6204.380485265183,0.7444251929782835,False,False
218.91949582099915,0.27165123383204137,6206.997036847408,0.7793330894375171,False,False
219.20617198944092,0.2702682789166768,6203.615815878891,0.8790103187484746,False,False
219.58478260040283,0.26931269248326617,6202.616284804324,0.8906974921794244,False,False
219.93145847320557,0.2680506428082784,6203.803248692211,0.8995051023148923,False,False
220.22755980491638,0.26689506928126017,6202.582180087613,0.583713495050465,False,False
220.647855758667,0.2659080672264099,6203.9861458701735,0.9581803524693915,False,False
220.921226978302,0.2645070672035217,6203.648077967691,0.942080836453423,False,False
221.31563472747803,0.26359584331512453,6202.320717492,1,False,True
221.71452045440674,0.26228114525477086,6203.42215152313,0.8018736185312219,False,False
221.96857404708862,0.26095154126485187,6203.344313169192,0.8210094672281755,False,False
222.35537099838257,0.2601046927769979,6203.649666118918,0.8759053780035562,False,False
222.6905460357666,0.25881535927454635,6206.5817720431105,0.8542334496808388,False,False
223.05425429344177,0.2576981170972188,6205.033535567098,0.9636165919034256,False,False
223.44265413284302,0.2564857459068298,6202.719406233037,0.7903213667002362,False,False
223.77501559257507,0.25519109408060714,6205.128388050626,0.8077270699173885,False,False
224.19608736038208,0.25408321221669516,6204.611151718928,0.9712179686467044,False,False
224.52311944961548,0.2526796491940816,6203.176401221724,0.8878545436110605,False,False
224.9744040966034,0.25158954302469894,6203.918738850024,0.9808492468916141,False,False
225.35065603256226,0.2500852616628011,6202.3826250370985,0.889607170963296,False,True
225.74494290351868,0.24883109490076705,6203.11806447216,0.6930812417059178,False,False
226.1489758491516,0.24751680056254066,6202.98719575228,0.8533949780157001,False,False
226.4746606349945,0.24617002248764042,6206.075342126882,0.6791571149472218,False,False
226.88303971290588,0.24508440494537354,6204.637853536556,0.9568407221798443,False,False
227.32496809959412,0.24372314055760702,6205.072977067257,0.692925303270794,False,False
227.78688263893127,0.24225002527236938,6202.77994583663,0.8609177372866259,False,True
228.22163081169128,0.24071034749348963,6205.131742027996,0.9234718168859057,False,False
228.5944266319275,0.23926116387049357,6203.189759886,0.7888200020516924,False,False
229.03406882286072,0.2380185190836589,6204.605514852487,0.717930630703404,False,False
229.3844177722931,0.2365530435244242,6204.019107980786,0.9457395562243545,False,False
229.89971041679382,0.23538520733515422,6204.1081694626755,0.724676637412548,False,False
230.21690917015076,0.23366757631301882,6204.989373608742,0.628345485808055,False,False
230.61446404457092,0.23261023839314776,6204.780433647593,0.7270616987719152,False,False
231.04784679412842,0.2312850586573283,6206.114746416717,0.6457138567768395,False,False
231.42318034172058,0.2298404510815938,6204.5819605680845,0.950744335217873,False,False
231.87031936645508,0.22858933766682943,6204.013686446822,0.6755299909986492,False,False
232.1751251220703,0.22709887822469077,6204.272103667625,1,False,False
232.51128101348877,0.22608286062876382,6204.357632607632,0.7942816263986389,False,False
232.9291787147522,0.22496233701705937,6204.399337278022,0.6375585722119499,False,False
233.25078630447388,0.2235693391164144,6203.279600558926,0.6390611984792631,False,True
233.6735382080078,0.2224973384539286,6201.405289646535,0.8185884751528606,True,True
233.98420071601868,0.2210881694157918,6205.685644076303,0.7746216868376643,False,False
234.46292853355408,0.2200525999069214,6203.806902920966,0.633803452739882,False,False
234.80477380752563,0.2184568460782369,6202.352270466248,0.7597726184197171,False,False
235.27561450004578,0.2173173578580221,6205.926068616776,0.9095355194592103,False,False
235.6348431110382,0.21574788888295493,6204.920940439304,0.6449492687512468,False,False
236.06350207328796,0.21455045541127526,6203.911730166655,0.6070195529357116,False,False
236.45098662376404,0.21312160015106196,6201.43975460254,0.795904650697738,False,True
236.84401535987854,0.21183000485102332,6202.848259091609,0.6810116838065055,False,False
237.2567331790924,0.21051988601684568,6202.843411055021,0.5947943834763977,False,False
237.69300293922424,0.20914416154225668,6206.96973657703,0.8323370529040915,False,False
238.01644229888916,0.20768993139266967,6203.504796347585,0.8131630240714501,False,False
238.44449257850647,0.20661180098851517,6204.542136743732,0.8360110736491851,False,False
238.81453013420105,0.20518496592839564,6204.611366500598,0.9055682252104479,False,False
239.28382778167725,0.20395150581995647,6203.1743499643,0.7988431052080119,False,False
239.70371079444885,0.20238718271255496,6202.554693196502,0.7072208907249682,False,False
240.04456067085266,0.20098757108052567,6206.364266001776,0.6440634974671945,False,False
240.55461883544922,0.19985140800476076,6203.77379518234,0.9384830099742419,False,False
240.95979166030884,0.19815120855967205,6204.659525422158,0.7460021792372188,False,False
241.41583704948425,0.1968006229400635,6202.671026649342,0.9368492516293694,False,False
241.88833117485046,0.1952804811795552,6202.7004491206735,0.9863484402978497,False,False
242.20652222633362,0.19370532592137657,6204.0465439835225,0.7592142037360317,False,False
242.63492822647095,0.19264484167098994,6205.586858079403,0.6166769831767911,False,False
242.9955871105194,0.1912168367703756,6201.754337825051,0.6388278810852392,False,False
243.24795269966125,0.19001465082168578,6203.289034567745,0.6622790924332927,False,False
243.64907550811768,0.18917341868082682,6205.368345499282,0.9010594794953288,False,False
243.9143078327179,0.18783635616302485,6204.650564116129,0.9524692130181956,False,False
244.3013277053833,0.18695224523544307,6205.293731715725,0.8665916422212401,False,False
244.7255983352661,0.18566217581431066,6203.745485753831,0.7715894629730442,False,False
245.05489492416382,0.18424794117609655,6205.445495810109,0.8954902238492761,False,False
245.4481542110443,0.18315029303232833,6205.301008168879,0.8497725814162964,False,False
245.86131191253662,0.18183942397435504,6206.724292894343,0.8689264635580137,False,False
246.1327521800995,0.18046222766240438,6203.739787452029,0.878845385864556,False,False
246.47001791000366,0.17955743392308554,6202.9149027048215,0.8860451216939027,False,False
246.79455065727234,0.17843316872914627,6205.2725305496615,0.8985956191890415,False,False
247.18157577514648,0.1773514302571615,6204.487586136949,0.9617121190860156,False,False
247.50747203826904,0.1760613457361857,6205.484549559475,0.8935930756471074,False,False
247.81177878379822,0.17497503201166786,6203.848061275128,0.9542079829656971,False,False
248.18763542175293,0.17396067380905156,6206.056919068479,0.7928064736114453,False,False
248.58576345443726,0.1727078151702881,6205.095246369009,0.8544929624664466,False,False
248.85688281059265,0.1713807320594788,6203.755102776426,0.634438051877819,False,False
249.22068238258362,0.17047699371973668,6203.9773088573,0.7778404146482588,False,False
249.61954164505005,0.1692643229166667,6202.665823302044,0.7619830426937366,False,False
249.89424538612366,0.16793479839960734,6204.285662908003,0.8517610797828856,False,False
250.25416207313538,0.16701912244160966,6206.437899443592,0.7330482313657621,False,False
250.60272359848022,0.16581940174102783,6203.234498398044,0.8680274312869201,False,False
250.9269814491272,0.1646575323740641,6202.393226178591,0.6411995095673781,False,False
251.33475804328918,0.16357660531997675,6203.994401408135,0.9142174634596703,False,False
251.59499788284302,0.16221741596857708,6205.377175787272,0.9089348423364562,False,False
251.96489882469177,0.16134994665781655,6205.030472215775,0.690833053008208,False,False
252.39002585411072,0.1601169300079346,6205.687783788665,0.8831168366595744,False,False
252.6854259967804,0.1586998534202576,6206.031160722563,0.7066967134525067,False,False
253.11431050300598,0.15771518945693974,6204.942376991828,0.8424343369590002,False,False
253.55460047721863,0.15628556569417318,6204.740124791198,0.8290499839294673,False,False
253.97487473487854,0.1548179300626119,6204.211827282396,0.6934338730867242,False,False
254.45394134521484,0.15341702063878382,6202.712483997219,0.7207198126645844,False,False
254.95245480537415,0.1518201231956482,6204.0439376604,0.7790327138355159,False,False
255.38234424591064,0.15015842596689855,6203.973120844947,0.7699676026132404,False,False
255.71440362930298,0.14872546116511032,6203.2808951957795,0.7495707304733953,False,False
256.0445408821106,0.14761859575907388,6202.20123841972,0.6637895206242225,False,False
256.5043394565582,0.1465181342760722,6203.949480589492,0.9175375655351311,False,False
256.81575107574463,0.14498548030853275,6201.649722811994,0.9249102987110944,False,False
257.30118918418884,0.1439474360148112,6203.523815710833,0.7234028937970769,False,False
257.6432681083679,0.14232930819193523,6204.34960519148,0.6584207670872004,False,False
258.1339387893677,0.14118905146916705,6204.619641823231,0.7123352870721472,False,False
258.59524154663086,0.13955343484878535,6203.905038115505,0.734535452448545,False,False
258.9505863189697,0.13801580349604292,6205.077580198713,0.8452511313476717,False,False
259.23714542388916,0.13683131933212278,6204.7030402829005,0.6785153835662951,False,False
259.7264349460602,0.13587612072626754,6204.18915894088,0.7737684003899932,False,False
260.09215688705444,0.13424515485763555,6202.177511056434,0.8112739305722455,False,False
260.4891574382782,0.13302607695261637,6206.326796805776,0.7308573562487956,False,False
260.88859510421753,0.13170275290807087,6205.008267489516,0.7035730309197461,False,False
261.2949221134186,0.1303712773323059,6205.253219946858,0.88421061712118,False,False
261.68827867507935,0.12901686429977421,6203.440748801887,0.817415419479074,False,False
262.1556851863861,0.1277056773503621,6202.348883284886,0.676601207289111,False,False
262.604216337204,0.1261476516723633,6204.896376945751,0.8632760814029817,False,False
262.9442377090454,0.12465255419413246,6204.2115087814545,0.7339953555026496,False,False
263.2239820957184,0.12351914882659909,6203.383330700655,0.7804454530444614,False,False
263.6242346763611,0.12258666912714644,6203.6638572583,0.831361626632094,False,False
264.11648750305176,0.12125248670578004,6205.244733245861,0.6955034692058697,False,False
264.4331135749817,0.11961164236068722,6202.55661266603,0.8188786495051116,False,False
264.85673570632935,0.118556223710378,6203.30241530968,0.7148987094452417,False,False
265.1997706890106,0.11714415470759076,6203.872726343849,0.9012093145997745,False,False
265.6669297218323,0.11600070317586264,6203.568157625425,0.8464928427831934,False,False
265.9923162460327,0.11444351275761921,6202.899540614506,0.8783819487087607,False,False
266.4276382923126,0.1133588854471842,6205.595226097481,0.7145573282664257,False,False
266.75449776649475,0.11190781831741337,6203.622984667427,0.7703015251019164,False,False
267.17513132095337,0.11081826527913408,6203.373754805291,0.7674946134042179,False,False
267.54720067977905,0.10941617329915365,6204.350319805018,0.8060501419630057,False,False
268.0319106578827,0.1081759357452392,6205.546942664076,0.8575436508822674,False,False
268.34931898117065,0.10656024058659874,6203.605873660116,0.7384423070006181,False,False
268.8261196613312,0.10550219535827632,6204.502761896221,0.7843040112216428,False,False
269.1409902572632,0.10391287167867025,6202.558013056798,0.7967314828897056,False,False
269.52425742149353,0.10286330938339239,6205.83620376662,0.8056866283686569,False,False
269.8918516635895,0.10158574978510537,6204.452698172595,0.7656271343354876,False,False
270.2739429473877,0.10036042451858518,6202.839422861105,0.7239179453544524,False,False
270.77437686920166,0.09908679485321048,6203.067882881454,0.8237563195114409,False,False
271.2481632232666,0.09741867939631144,6204.405540152936,0.7105865868122032,False,False
271.5939197540283,0.09583939790725704,6204.269785047812,0.7727825264952447,False,False
271.9010925292969,0.09468687534332276,6202.087331242243,0.7350133663328363,False,False
272.3468487262726,0.09366281986236569,6205.221317609866,0.7162905038389391,False,False
272.68946146965027,0.09217711607615153,6203.479716456622,0.7146479641203866,False,False
273.13432931900024,0.0910350720087687,6204.005776024152,0.8012018532039902,False,False
273.5151631832123,0.08955217758814493,6203.707435469934,0.7067810020946921,False,False
273.9611756801605,0.08828273296356204,6202.9850956759365,0.8061469693080038,False,False
274.346652507782,0.08679602305094403,6202.610463450701,0.7467738846695494,False,False
274.78248286247253,0.08551109790802003,6204.00545755052,0.758320353715369,False,False
275.2190706729889,0.08405833323796585,6203.500345006924,0.8784269303721235,False,False
275.7206962108612,0.0826030365626017,6202.397042362437,0.7256402665944707,False,False
276.124876499176,0.08093095461527511,6205.285330201041,0.8073413080310988,False,False
276.4616651535034,0.07958368857701614,6203.137880145982,0.7677622917901856,False,False
276.8507013320923,0.07846106052398683,6205.9107049037975,0.8736055400247114,False,False
277.1993582248688,0.07716426531473797,6205.300462619029,0.7582113467209468,False,False
277.670912027359,0.07600207964579264,6201.222645283546,0.7880632116360007,True,True
278.10794258117676,0.07443024714787805,6204.445784290965,0.7878836879115547,False,False
278.59436559677124,0.07297329028447475,6203.05650133408,0.7270570605605605,False,False
279.04661417007446,0.07135204792022709,6203.058322042847,0.7397214886461805,False,False
279.44435453414917,0.06984455029169723,6204.472919482232,0.7749505081425596,False,False
279.7843601703644,0.06851874669392899,6205.346278931164,0.730300607092597,False,False
280.13002038002014,0.06738540252049763,6202.164229062929,0.8003413605576395,False,False
280.4750521183014,0.06623320182164505,6204.140897276626,0.7717825429660475,False,False
280.9920961856842,0.0650830920537313,6203.184071650285,0.8149511997324443,False,False
281.4098930358887,0.0633596189816793,6204.597182035303,0.8287785792900435,False,False
281.7441279888153,0.06196696360905962,6204.791232333813,0.8311288332645386,False,False
282.1941339969635,0.06085282723108931,6207.813894556313,0.7637361787566384,False,False
282.5362038612366,0.05935282866160074,6203.487122147943,0.8087977807217381,False,False
282.95322346687317,0.058212594985961874,6203.478404465557,0.7693187234390203,False,False
283.27365040779114,0.05682253122329717,6203.001975475245,0.8299995851297692,False,False
283.63844871520996,0.055754420757293754,6204.563284930909,0.7885454379947071,False,False
284.0370988845825,0.05453843911488854,6205.369871452697,0.8215893692830631,False,False
284.46356177330017,0.05320960203806557,6204.431291303868,0.7368073161483669,False,False
284.9199197292328,0.0517880694071452,6204.880765995531,0.7744991155152874,False,False
285.41933012008667,0.050266873041788784,6204.417137481362,0.7805473080388265,False,False
285.92791271209717,0.0486021749178569,6205.442828297055,0.8338382480790364,False,False
286.41474533081055,0.04690689881642662,6203.934023938486,0.82434001339256,False,False
286.9006989002228,0.04528410991032916,6201.79237768191,0.7645112693030246,False,False
287.34892535209656,0.043664211432139055,6202.746044343518,0.7787885217814879,False,False
287.7506058216095,0.04217019081115725,6205.369707230953,0.795252490139342,False,False
288.2053508758545,0.04083124717076625,6202.2355639896605,0.8241445818680175,False,False
288.4908483028412,0.039315440654754674,6202.970202899849,0.7687412496776492,False,False
288.9505407810211,0.038363780975341766,6203.80016919092,0.7627266491555312,False,False
289.2148838043213,0.03683146953582761,6205.341403414229,0.8127178796833685,False,False
289.57743406295776,0.03595032453536984,6204.556140712487,0.8127117150600335,False,False
290.07427763938904,0.0347418292363485,6206.655891206104,0.8057783181669722,False,False
290.3610854148865,0.03308568159739178,6204.354792673784,0.7780301149664426,False,False
290.77994656562805,0.032129649321238185,6204.718065601233,0.7791808371890029,False,False
291.12493109703064,0.030733453432718938,6202.8809072254,0.7742229875127925,False,False
291.5567133426666,0.029583494663238508,6204.8626197728545,0.8061111431696303,False,False
291.8542115688324,0.02814422925313309,6204.1151112110465,0.8019407857876116,False,False
292.2523281574249,0.027152570883433036,6203.128575906894,0.8013413734851274,False,False
292.6854748725891,0.025825502872466988,6203.888424745351,0.7987117809683641,False,False
292.9959714412689,0.024381686051686557,6203.996421870012,0.7910542016701778,False,False
293.4543652534485,0.023346683184305772,6206.071877384375,0.7951493363980237,False,False
293.8443853855133,0.021818724473317452,6201.800691748254,0.7856044191510106,False,False
294.1303663253784,0.020518651803334564,6206.616017716479,0.7809179506776025,False,False
294.5618951320648,0.019565385977427185,6204.982587691013,0.7952579363223872,False,False
295.02071499824524,0.018126959005991594,6204.054731164145,0.8058239223357299,False,False
295.50803303718567,0.01659755229949955,6203.514715325124,0.7728278386188642,False,False
295.92038798332214,0.014973166783650682,6203.547623651755,0.7779088709500255,False,False
296.24209475517273,0.013598649501800564,6203.30013696053,0.7802513652843427,False,False
296.5523636341095,0.012526289621988984,6202.9308656636695,0.7818527335084106,False,False
296.83146238327026,0.011492060820261663,6203.878108889146,0.7790238516090917,False,False
297.31987738609314,0.010561716556549028,6204.682995469934,0.7811495458681705,False,False
297.7783832550049,0.008933680057525595,6205.047697876195,0.7805265638208145,False,False
298.14419531822205,0.007405326366424547,6203.983180898424,0.7933271344276019,False,False
298.47907400131226,0.006185957590738922,6204.641869556201,0.7867728945161778,False,False
298.9350814819336,0.005069688161214225,6205.600549688808,0.787889827514152,False,False
299.3841624259949,0.0035496640205383567,6205.0999404414415,0.7872557779465755,False,False
299.86420941352844,0.0020527299245198805,6204.223098747442,0.7879035907438904,False,False
300.2257421016693,0.00045257727305092477,6203.14472867234,0.7884194470011253,False,False
